2024-04-29 02:17:14.437631	https://www.encodeproject.org/cart-report/?type=Experiment&cart=%2Fcarts%2F44e107d1-9e38-4e2b-bd78-63f73c9572a1%2F&limit=all
ID	Accession	Assay name	Assay title	Biosample classification	Target	Target of assay	Target gene symbol	Biosample summary	Biosample term name	Dbxrefs	Description	Lab	Project	Status	Files	Related series	Biosample accession	Biological replicate	Technical replicate	Linked antibody	Organism	Life stage	Biosample age	Biosample treatment	Biosample treatment ontology ID	Biosample treatment amount	Biosample treatment amount units	Biosample treatment duration	Biosample treatment duration units	Synchronization	Post-synchronization time	Post-synchronization time units	Biosample modification site target organism	Biosample modification site introduced gene organism	Replicates	Mixed biosamples	Cellular component	Library construction platform	Library construction method
/experiments/ENCSR875UKH/	ENCSR875UKH	ChIP-seq	TF ChIP-seq	whole organisms	/targets/CG9705-dmelanogaster/	CG9705	CG9705	Drosophila melanogaster strain CG9705-GFP whole organism wandering third instar larva genetically modified (insertion) using site-specific recombination targeting D. melanogaster CG9705	whole organism	GEO:GSE257874	Input control for ChIP-seq on transgenic flies expressing CG9705-eGFP fusion proteins.	Kevin White, UChicago	modERN	released	/files/ENCFF971HEH/,/files/ENCFF821YFP/,/files/ENCFF144ZVY/,/files/ENCFF558QDB/,/files/ENCFF426JTV/,/files/ENCFF585UOI/,/files/ENCFF860XXL/,/files/ENCFF397IGF/,/files/ENCFF939DBI/,/files/ENCFF217KTZ/,/files/ENCFF403MGF/,/files/ENCFF105UYC/,/files/ENCFF172LAG/,/files/ENCFF490BXS/,/files/ENCFF076JKI/,/files/ENCFF527JXX/,/files/ENCFF174HXY/,/files/ENCFF117PYH/,/files/ENCFF665ITW/,/files/ENCFF501ZRP/,/files/ENCFF226QZB/		ENCBS821ZUV,ENCBS412EUE	1,2	1	ENCAB728YTO	Drosophila melanogaster	wandering third instar larva											/organisms/dmelanogaster/		/replicates/4b8d63e8-be37-469e-b2fd-f3b403f3fd05/,/replicates/b13c1cc2-ab1c-4992-820d-b65c5dee6dc4/				
/experiments/ENCSR900SLE/	ENCSR900SLE	ChIP-seq	TF ChIP-seq	whole organisms	/targets/dmrt93B-dmelanogaster/	dmrt93B	dmrt93B	Drosophila melanogaster strain dmrt93B-GFP whole organism wandering third instar larva genetically modified (insertion) using site-specific recombination targeting D. melanogaster dmrt93B	whole organism	GEO:GSE258025,FactorBook:ENCSR900SLE	Input control for ChIP-seq on transgenic flies expressing dmrt93B-eGFP fusion proteins.	Kevin White, UChicago	modERN	released	/files/ENCFF131MZA/,/files/ENCFF703TVS/,/files/ENCFF188LLD/,/files/ENCFF253YWW/,/files/ENCFF439APN/,/files/ENCFF661LTP/,/files/ENCFF314OEB/,/files/ENCFF361MNK/,/files/ENCFF291UMW/,/files/ENCFF539PBL/,/files/ENCFF840TXU/,/files/ENCFF512VEX/,/files/ENCFF184BCY/,/files/ENCFF082HWR/,/files/ENCFF012GWL/,/files/ENCFF880LES/,/files/ENCFF149QCP/,/files/ENCFF392WRX/,/files/ENCFF145EUD/,/files/ENCFF113MVD/,/files/ENCFF381CBS/,/files/ENCFF651MBY/		ENCBS563ZIT,ENCBS234UUC	2,1	1	ENCAB728YTO	Drosophila melanogaster	wandering third instar larva											/organisms/dmelanogaster/		/replicates/6eaab571-279b-4fb3-a3fe-3d3d5d60ad76/,/replicates/2dc79775-b71f-499d-944b-5b7aa930a9c6/				
/experiments/ENCSR824RLH/	ENCSR824RLH	ChIP-seq	TF ChIP-seq	whole organisms	/targets/br-dmelanogaster/	br	br	Drosophila melanogaster strain br-rj-GFP whole organism wandering third instar larva genetically modified (insertion) using site-specific recombination targeting D. melanogaster br	whole organism	FactorBook:ENCSR824RLH,GEO:GSE259077	ChIP-seq on transgenic flies expressing br-eGFP fusion proteins. The IP was performed using an anti-GFP antibody.	Kevin White, UChicago	modERN	released	/files/ENCFF883WLZ/,/files/ENCFF985IXE/,/files/ENCFF919RMV/,/files/ENCFF405XRI/,/files/ENCFF662YRD/,/files/ENCFF597XKU/,/files/ENCFF176VDZ/,/files/ENCFF124YHB/,/files/ENCFF768HZK/,/files/ENCFF457UHO/,/files/ENCFF876YFD/,/files/ENCFF942HTJ/,/files/ENCFF026VIO/,/files/ENCFF438PTK/,/files/ENCFF964TER/,/files/ENCFF709MWI/,/files/ENCFF761KLL/,/files/ENCFF703VWD/,/files/ENCFF233QIA/,/files/ENCFF534QPW/,/files/ENCFF550CEH/,/files/ENCFF590CDL/,/files/ENCFF516IHZ/,/files/ENCFF441BPE/,/files/ENCFF278BNI/,/files/ENCFF402MYD/,/files/ENCFF755VWQ/,/files/ENCFF838PVF/,/files/ENCFF166QSB/,/files/ENCFF411UBB/,/files/ENCFF052LVD/,/files/ENCFF032UAP/,/files/ENCFF231PMD/,/files/ENCFF230CLC/,/files/ENCFF839BUX/,/files/ENCFF910XVV/,/files/ENCFF963IJG/,/files/ENCFF828LRJ/,/files/ENCFF846DBY/,/files/ENCFF106LZH/		ENCBS376WUK,ENCBS552ZES	1,2	1	ENCAB728YTO	Drosophila melanogaster	wandering third instar larva											/organisms/dmelanogaster/		/replicates/deffb012-9a5b-446d-a9cc-8d96f4d5816f/,/replicates/7b16e1b1-5509-469d-8f2d-9466064bac0b/				
/experiments/ENCSR295GRP/	ENCSR295GRP	ChIP-seq	TF ChIP-seq	whole organisms	/targets/br-dmelanogaster/	br	br	Drosophila melanogaster strain br-re-GFP whole organism wandering third instar larva genetically modified (insertion) using site-specific recombination targeting D. melanogaster br	whole organism	GEO:GSE256777,FactorBook:ENCSR295GRP	ChIP-seq on transgenic flies expressing br-eGFP fusion proteins. The IP was performed using an anti-GFP antibody.	Kevin White, UChicago	modERN	released	/files/ENCFF184JOD/,/files/ENCFF550QHK/,/files/ENCFF141GAC/,/files/ENCFF872MDQ/,/files/ENCFF247PZQ/,/files/ENCFF248ZGF/,/files/ENCFF186WPS/,/files/ENCFF661ZQR/,/files/ENCFF663EBB/,/files/ENCFF633LMK/,/files/ENCFF316NEB/,/files/ENCFF518SSD/,/files/ENCFF323WWH/,/files/ENCFF447GYF/,/files/ENCFF695IUH/,/files/ENCFF162ZKY/,/files/ENCFF710VTS/,/files/ENCFF265ZCF/,/files/ENCFF524KIL/,/files/ENCFF896LLM/,/files/ENCFF318YTA/,/files/ENCFF688SPE/,/files/ENCFF663NYI/,/files/ENCFF692YJO/,/files/ENCFF962VVF/,/files/ENCFF932HAT/,/files/ENCFF229ZQN/,/files/ENCFF823RNL/,/files/ENCFF377OCK/,/files/ENCFF366ZLR/,/files/ENCFF765PLK/,/files/ENCFF127MTX/,/files/ENCFF279PNT/,/files/ENCFF053MXW/,/files/ENCFF404XTY/,/files/ENCFF371WUN/,/files/ENCFF572TMJ/,/files/ENCFF876RTD/,/files/ENCFF724DVX/,/files/ENCFF082LBM/,/files/ENCFF306EIL/,/files/ENCFF755MLB/,/files/ENCFF712UAM/,/files/ENCFF123HVE/,/files/ENCFF351MDY/,/files/ENCFF850FWS/,/files/ENCFF420IED/,/files/ENCFF137JGS/,/files/ENCFF059ELE/,/files/ENCFF454WBK/,/files/ENCFF527RDB/,/files/ENCFF093SRG/,/files/ENCFF400LCF/		ENCBS873QPK,ENCBS610GTT,ENCBS925VJO	4,3,2	1	ENCAB728YTO	Drosophila melanogaster	wandering third instar larva											/organisms/dmelanogaster/		/replicates/bd5be789-5dd9-4d7e-aa14-25d6c5c77f8a/,/replicates/7f9176dc-3356-4666-b3af-b10a8da96eda/,/replicates/249eb5e5-8a48-41c2-a730-0621a3968d07/				
/experiments/ENCSR484YRI/	ENCSR484YRI	ChIP-seq	TF ChIP-seq	whole organisms	/targets/dl-dmelanogaster/	dl	dl	Drosophila melanogaster strain dl-small-GFP whole organism wandering third instar larva genetically modified (insertion) using site-specific recombination targeting D. melanogaster dl	whole organism	FactorBook:ENCSR484YRI,GEO:GSE258928	ChIP-seq on transgenic flies expressing dl-eGFP fusion proteins. The IP was performed using an anti-GFP antibody.	Kevin White, UChicago	modERN	released	/files/ENCFF945EZF/,/files/ENCFF615ZIN/,/files/ENCFF306MYC/,/files/ENCFF145SJN/,/files/ENCFF995ESY/,/files/ENCFF689FIJ/,/files/ENCFF876EUJ/,/files/ENCFF023QKK/,/files/ENCFF191SBH/,/files/ENCFF258SOJ/,/files/ENCFF482KRK/,/files/ENCFF619IVL/,/files/ENCFF720CLR/,/files/ENCFF685VVN/,/files/ENCFF524XAJ/,/files/ENCFF307ZWG/,/files/ENCFF745ILO/,/files/ENCFF494RPE/,/files/ENCFF927UOQ/,/files/ENCFF839JQU/,/files/ENCFF750FDD/,/files/ENCFF096QCT/,/files/ENCFF564IYM/,/files/ENCFF469SRQ/,/files/ENCFF314AIS/,/files/ENCFF123IMO/,/files/ENCFF265CHU/,/files/ENCFF440CXT/,/files/ENCFF855JSX/,/files/ENCFF165PAF/,/files/ENCFF075BWZ/,/files/ENCFF630WZW/,/files/ENCFF261RMY/,/files/ENCFF717BTC/,/files/ENCFF204CRA/,/files/ENCFF800RRY/,/files/ENCFF403JNG/,/files/ENCFF726OHQ/,/files/ENCFF747TNC/,/files/ENCFF582WMX/		ENCBS339DQQ,ENCBS050EJV	1,3	1	ENCAB426GGE	Drosophila melanogaster	wandering third instar larva											/organisms/dmelanogaster/		/replicates/b11e9348-8204-4e5c-ad63-0f280efebd63/,/replicates/41ae2a3f-7523-4c8d-8a51-dbc2a57ab654/				
/experiments/ENCSR229DNL/	ENCSR229DNL	ChIP-seq	TF ChIP-seq	whole organisms	/targets/dsf-dmelanogaster/	dsf	dsf	Drosophila melanogaster strain dsf-GFP whole organism wandering third instar larva genetically modified (insertion) using site-specific recombination targeting D. melanogaster dsf	whole organism	GEO:GSE257014,FactorBook:ENCSR229DNL	ChIP-seq on transgenic flies expressing dsf-eGFP fusion proteins. The IP was performed using an anti-GFP antibody.	Kevin White, UChicago	modERN	released	/files/ENCFF443WCR/,/files/ENCFF550YAH/,/files/ENCFF436VRK/,/files/ENCFF818PDX/,/files/ENCFF751LKO/,/files/ENCFF737ORZ/,/files/ENCFF721GAF/,/files/ENCFF558DAW/,/files/ENCFF200NMQ/,/files/ENCFF244CFP/,/files/ENCFF008QWX/,/files/ENCFF603YBA/,/files/ENCFF218NIY/,/files/ENCFF662QNN/,/files/ENCFF552VBP/,/files/ENCFF783JCC/,/files/ENCFF333LFQ/,/files/ENCFF128TER/,/files/ENCFF980VZS/,/files/ENCFF997KUJ/,/files/ENCFF250UMF/,/files/ENCFF199NYY/,/files/ENCFF545OJJ/,/files/ENCFF579IVP/,/files/ENCFF525BLM/,/files/ENCFF253WAS/,/files/ENCFF703NEI/,/files/ENCFF398DGP/,/files/ENCFF245CFR/,/files/ENCFF825WSF/,/files/ENCFF887XBH/,/files/ENCFF497XPW/,/files/ENCFF063PNF/,/files/ENCFF054XII/,/files/ENCFF814ESF/,/files/ENCFF450DOL/,/files/ENCFF729UYT/,/files/ENCFF425ICO/,/files/ENCFF614YRN/,/files/ENCFF433TRM/		ENCBS396AVP,ENCBS544JZY	4,3	1	ENCAB728YTO	Drosophila melanogaster	wandering third instar larva											/organisms/dmelanogaster/		/replicates/a9329bfb-89b2-4075-91f5-b22afc971c18/,/replicates/51ad3d00-9cb3-4e09-87a0-5ce9a0679f4b/				
/experiments/ENCSR200GOV/	ENCSR200GOV	ChIP-seq	TF ChIP-seq	whole organisms	/targets/brk-dmelanogaster/	brk	brk	Drosophila melanogaster strain brk-GFP whole organism wandering third instar larva genetically modified (insertion) using site-specific recombination targeting D. melanogaster brk	whole organism	FactorBook:ENCSR200GOV,GEO:GSE256747	ChIP-seq on transgenic flies expressing brk-eGFP fusion proteins. The IP was performed using an anti-GFP antibody.	Kevin White, UChicago	modERN	released	/files/ENCFF986OZV/,/files/ENCFF084REW/,/files/ENCFF775MSE/,/files/ENCFF697KJQ/,/files/ENCFF818IHP/,/files/ENCFF852UOU/,/files/ENCFF336PNH/,/files/ENCFF588PQE/,/files/ENCFF123ZZE/,/files/ENCFF980YWA/,/files/ENCFF612FCG/,/files/ENCFF979YSA/,/files/ENCFF086GLR/,/files/ENCFF294NLO/,/files/ENCFF912TRP/,/files/ENCFF670SKQ/,/files/ENCFF286CJS/,/files/ENCFF366KWW/,/files/ENCFF482QOK/,/files/ENCFF886XYW/,/files/ENCFF280JTV/,/files/ENCFF979TXG/,/files/ENCFF496SBQ/,/files/ENCFF509YSR/,/files/ENCFF161TXH/,/files/ENCFF796CUD/,/files/ENCFF290OZD/,/files/ENCFF768RLP/,/files/ENCFF612DAH/,/files/ENCFF316CKK/,/files/ENCFF154BZB/,/files/ENCFF115XFA/,/files/ENCFF071USK/,/files/ENCFF187KVE/,/files/ENCFF520HSE/,/files/ENCFF324YWH/,/files/ENCFF045HYO/,/files/ENCFF187MRL/,/files/ENCFF827AXW/,/files/ENCFF788KZC/		ENCBS694XCB,ENCBS988RCT	3,4	1	ENCAB728YTO	Drosophila melanogaster	wandering third instar larva											/organisms/dmelanogaster/		/replicates/c061fe3e-0ac6-4a14-bcea-dab2a5512e69/,/replicates/8aba76c3-ce62-420c-a06e-ca232e6745b7/				
/experiments/ENCSR748ZJA/	ENCSR748ZJA	ChIP-seq	TF ChIP-seq	whole organisms	/targets/Dif-dmelanogaster/	Dif	Dif	Drosophila melanogaster strain Dif-GFP whole organism wandering third instar larva genetically modified (insertion) using site-specific recombination targeting D. melanogaster Dif	whole organism	FactorBook:ENCSR748ZJA,GEO:GSE258326	ChIP-seq on transgenic flies expressing Dif-eGFP fusion proteins. The IP was performed using an anti-GFP antibody.	Kevin White, UChicago	modERN	released	/files/ENCFF575ERU/,/files/ENCFF902DBO/,/files/ENCFF194WEA/,/files/ENCFF093LMM/,/files/ENCFF725UQE/,/files/ENCFF197PTA/,/files/ENCFF009KLU/,/files/ENCFF841NUU/,/files/ENCFF198ICA/,/files/ENCFF094SZD/,/files/ENCFF637UGR/,/files/ENCFF301SDQ/,/files/ENCFF654YZU/,/files/ENCFF744PLS/,/files/ENCFF244NDR/,/files/ENCFF329ENZ/,/files/ENCFF812ESA/,/files/ENCFF191PVE/,/files/ENCFF600YWM/,/files/ENCFF300OIP/,/files/ENCFF640MWM/,/files/ENCFF520EKQ/,/files/ENCFF588MXT/,/files/ENCFF577JBD/,/files/ENCFF116SIJ/,/files/ENCFF601RNG/,/files/ENCFF452ZJZ/,/files/ENCFF275ABI/,/files/ENCFF806FWL/,/files/ENCFF872VPH/,/files/ENCFF814GCS/,/files/ENCFF418JIC/,/files/ENCFF435LLN/,/files/ENCFF254GBE/,/files/ENCFF700CSS/,/files/ENCFF501FZY/,/files/ENCFF685KDH/,/files/ENCFF191XYR/,/files/ENCFF020ORO/,/files/ENCFF471JEZ/		ENCBS973ACZ,ENCBS121VAQ	4,3	1	ENCAB426GGE	Drosophila melanogaster	wandering third instar larva											/organisms/dmelanogaster/		/replicates/5853a2e6-cc70-4c15-af89-59f830db3ac2/,/replicates/ea6ebea7-45b3-4ebe-ab9c-244ac11faa27/				
/experiments/ENCSR631PLV/	ENCSR631PLV	ChIP-seq	TF ChIP-seq	whole organisms	/targets/fru-dmelanogaster/	fru	fru	Drosophila melanogaster strain fru-MiMIC-GFP whole organism wandering third instar larva genetically modified (insertion) using site-specific recombination targeting D. melanogaster fru	whole organism	FactorBook:ENCSR631PLV,GEO:GSE258312	ChIP-seq on transgenic flies expressing fru-eGFP fusion proteins. The IP was performed using an anti-GFP antibody.	Kevin White, UChicago	modERN	released	/files/ENCFF780NKK/,/files/ENCFF608QBA/,/files/ENCFF085EVE/,/files/ENCFF354UYN/,/files/ENCFF979TFI/,/files/ENCFF446NQK/,/files/ENCFF146PSN/,/files/ENCFF476EIF/,/files/ENCFF847XXB/,/files/ENCFF851FVW/,/files/ENCFF996NWJ/,/files/ENCFF738EPT/,/files/ENCFF848YBG/,/files/ENCFF436MJD/,/files/ENCFF128XOQ/,/files/ENCFF154HLE/,/files/ENCFF304KLF/,/files/ENCFF053PFF/,/files/ENCFF361QSY/,/files/ENCFF978EEB/,/files/ENCFF056DLP/,/files/ENCFF425QER/,/files/ENCFF003TDX/,/files/ENCFF453PZF/,/files/ENCFF322JAS/,/files/ENCFF297NQW/,/files/ENCFF707RVZ/,/files/ENCFF827YNB/,/files/ENCFF784ZAI/,/files/ENCFF990FQX/,/files/ENCFF652ROD/,/files/ENCFF633MPS/,/files/ENCFF417NJW/,/files/ENCFF796LFC/,/files/ENCFF614JRA/,/files/ENCFF053RWQ/,/files/ENCFF489PER/,/files/ENCFF678SNY/,/files/ENCFF166TYV/,/files/ENCFF672NYN/,/files/ENCFF002TMI/,/files/ENCFF103VPB/,/files/ENCFF125RKL/,/files/ENCFF418QFU/,/files/ENCFF967XSH/,/files/ENCFF470ELH/,/files/ENCFF896BBA/,/files/ENCFF336MHA/,/files/ENCFF982SAT/,/files/ENCFF050QUA/,/files/ENCFF431AXM/,/files/ENCFF546RHW/,/files/ENCFF858BMW/		ENCBS160QHX,ENCBS760HBI,ENCBS529BVW	1,3,2	1	ENCAB728YTO	Drosophila melanogaster	wandering third instar larva											/organisms/dmelanogaster/		/replicates/1a81d8ca-dacf-4ed3-b0b4-fd7a9c194103/,/replicates/73d37363-0556-4c41-9c0a-7f64970da9a8/,/replicates/a1d0b177-9bd4-42b3-86ea-d1fd7a207d73/				
/experiments/ENCSR168NHD/	ENCSR168NHD	ChIP-seq	TF ChIP-seq	whole organisms	/targets/CrebA-dmelanogaster/	CrebA	CrebA	Drosophila melanogaster strain CrebA-MiMIC-GFP whole organism wandering third instar larva genetically modified (insertion) using site-specific recombination targeting D. melanogaster CrebA	whole organism	FactorBook:ENCSR168NHD,GEO:GSE257107	ChIP-seq on transgenic flies expressing CrebA-eGFP fusion proteins. The IP was performed using an anti-GFP antibody.	Kevin White, UChicago	modERN	released	/files/ENCFF226SKC/,/files/ENCFF801QCJ/,/files/ENCFF867EUR/,/files/ENCFF606WZS/,/files/ENCFF041WSP/,/files/ENCFF651SAK/,/files/ENCFF173RUC/,/files/ENCFF603JOJ/,/files/ENCFF265AYL/,/files/ENCFF769ZMK/,/files/ENCFF381HFJ/,/files/ENCFF933PQY/,/files/ENCFF260TIF/,/files/ENCFF614PGK/,/files/ENCFF407SZN/,/files/ENCFF457RJG/,/files/ENCFF929CPQ/,/files/ENCFF831LPZ/,/files/ENCFF748EVH/,/files/ENCFF094KVQ/,/files/ENCFF342TWS/,/files/ENCFF496HQT/,/files/ENCFF582BNU/,/files/ENCFF951DKZ/,/files/ENCFF489JTP/,/files/ENCFF339JUC/,/files/ENCFF523EFA/,/files/ENCFF946PZV/,/files/ENCFF763XWQ/,/files/ENCFF500JJG/,/files/ENCFF144TRB/,/files/ENCFF407FDB/,/files/ENCFF223DXV/,/files/ENCFF911PGU/,/files/ENCFF393HTQ/,/files/ENCFF711CFY/,/files/ENCFF744RAY/,/files/ENCFF216EAV/,/files/ENCFF284RTS/,/files/ENCFF243QGI/		ENCBS088KOA,ENCBS961OFO	4,2	1	ENCAB728YTO	Drosophila melanogaster	wandering third instar larva											/organisms/dmelanogaster/		/replicates/d13027d5-6f10-4175-b063-0df7ad435e78/,/replicates/0afa7375-12b4-4a8e-8b05-c8f99c25586f/				
/experiments/ENCSR903DUB/	ENCSR903DUB	ChIP-seq	TF ChIP-seq	whole organisms	/targets/psq-dmelanogaster/	psq	psq	Drosophila melanogaster strain psq-GFP whole organism wandering third instar larva genetically modified (insertion) using site-specific recombination targeting D. melanogaster psq	whole organism	GEO:GSE258041	ChIP-seq on transgenic flies expressing psq-eGFP fusion proteins. The IP was performed using an anti-GFP antibody.	Kevin White, UChicago	modERN	released	/files/ENCFF481LIN/,/files/ENCFF140WPC/,/files/ENCFF660OWR/,/files/ENCFF454ZOK/,/files/ENCFF736BPP/,/files/ENCFF942XYI/,/files/ENCFF921EYG/,/files/ENCFF975VPC/,/files/ENCFF685GPX/,/files/ENCFF042TLV/,/files/ENCFF198DKO/,/files/ENCFF873PLG/,/files/ENCFF590RFI/,/files/ENCFF700HFD/,/files/ENCFF809APZ/,/files/ENCFF659NUU/,/files/ENCFF853HNR/,/files/ENCFF971NTB/,/files/ENCFF207AYJ/,/files/ENCFF112JCS/,/files/ENCFF824KEH/,/files/ENCFF930ETS/,/files/ENCFF220WCL/,/files/ENCFF440DUF/,/files/ENCFF737RBY/,/files/ENCFF676FZE/,/files/ENCFF960OEI/,/files/ENCFF750QMH/,/files/ENCFF810REW/,/files/ENCFF505GUF/,/files/ENCFF714QET/,/files/ENCFF515LGD/,/files/ENCFF494JVA/,/files/ENCFF072NXN/,/files/ENCFF456VVY/,/files/ENCFF108KIR/,/files/ENCFF090HLD/,/files/ENCFF688RMR/,/files/ENCFF944KYP/,/files/ENCFF728BFW/,/files/ENCFF736IXE/,/files/ENCFF563FSX/,/files/ENCFF762NWS/,/files/ENCFF983OXZ/,/files/ENCFF473VND/,/files/ENCFF162JFT/,/files/ENCFF146QXZ/,/files/ENCFF658YSW/,/files/ENCFF031KDD/,/files/ENCFF890KUV/,/files/ENCFF039YYW/,/files/ENCFF365PRK/,/files/ENCFF623RDH/	/matched-sets/ENCSR310QKY/	ENCBS846YKG,ENCBS353CBQ,ENCBS848BRM	3,1,2	1	ENCAB728YTO	Drosophila melanogaster	wandering third instar larva											/organisms/dmelanogaster/		/replicates/4ace637d-75d0-4ec5-9bc5-2c7fee746f12/,/replicates/eb0b5bce-35e7-4e66-a81d-a8d578a88b35/,/replicates/2e8ee2eb-3d18-4e8f-9cad-8ed1b0f6020a/				
/experiments/ENCSR816TQX/	ENCSR816TQX	ChIP-seq	TF ChIP-seq	whole organisms	/targets/Vsx2-dmelanogaster/	Vsx2	Vsx2	Drosophila melanogaster strain Vsx2-GFP whole organism wandering third instar larva genetically modified (insertion) using site-specific recombination targeting D. melanogaster Vsx2	whole organism	GEO:GSE258982,FactorBook:ENCSR816TQX	ChIP-seq on transgenic flies expressing Vsx2-eGFP fusion proteins. The IP was performed using an anti-GFP antibody.	Kevin White, UChicago	modERN	released	/files/ENCFF582MOU/,/files/ENCFF875RTM/,/files/ENCFF471GZO/,/files/ENCFF918ZJE/,/files/ENCFF217XJK/,/files/ENCFF881WZQ/,/files/ENCFF774WCJ/,/files/ENCFF737JQT/,/files/ENCFF476PEV/,/files/ENCFF495UOM/,/files/ENCFF088DPU/,/files/ENCFF178IKC/,/files/ENCFF695GRR/,/files/ENCFF291HYP/,/files/ENCFF033JZM/,/files/ENCFF415YSW/,/files/ENCFF497VRC/,/files/ENCFF037TAK/,/files/ENCFF828NTM/,/files/ENCFF899MQK/,/files/ENCFF822CSE/,/files/ENCFF595VZG/,/files/ENCFF207CCA/,/files/ENCFF893AKQ/,/files/ENCFF424TWA/,/files/ENCFF648TSR/,/files/ENCFF907ZEQ/,/files/ENCFF730XIA/,/files/ENCFF340ENS/,/files/ENCFF069GJF/,/files/ENCFF584HCP/,/files/ENCFF420NLC/,/files/ENCFF168YBQ/,/files/ENCFF644MAT/,/files/ENCFF243FLR/,/files/ENCFF675TYB/,/files/ENCFF168FQF/,/files/ENCFF949JRL/,/files/ENCFF574VKT/,/files/ENCFF024WXQ/		ENCBS580PQF,ENCBS973KXO	2,1	1	ENCAB426GGE	Drosophila melanogaster	wandering third instar larva											/organisms/dmelanogaster/		/replicates/85fcee26-aa65-4214-ba36-59fabcf1a5e2/,/replicates/5ec402d6-009a-4844-ac38-3d7758575149/				
/experiments/ENCSR471GSA/	ENCSR471GSA	ChIP-seq	TF ChIP-seq	whole organisms	/targets/Jra-dmelanogaster/	Jra	Jra	Drosophila melanogaster strain Jra-GFP whole organism wandering third instar larva genetically modified (insertion) using site-specific recombination targeting D. melanogaster Jra	whole organism	FactorBook:ENCSR471GSA,GEO:GSE258762	ChIP-seq on transgenic flies expressing Jra-eGFP fusion proteins. The IP was performed using an anti-GFP antibody.	Kevin White, UChicago	modERN	released	/files/ENCFF298AHP/,/files/ENCFF888CHA/,/files/ENCFF772GEK/,/files/ENCFF022WWX/,/files/ENCFF103CJI/,/files/ENCFF706SKF/,/files/ENCFF269HIV/,/files/ENCFF259KNP/,/files/ENCFF455EKQ/,/files/ENCFF212CUE/,/files/ENCFF564THE/,/files/ENCFF396CKH/,/files/ENCFF974LCA/,/files/ENCFF851IZV/,/files/ENCFF228AKJ/,/files/ENCFF211DKR/,/files/ENCFF658BVF/,/files/ENCFF758UWB/,/files/ENCFF035VLL/,/files/ENCFF767KLS/,/files/ENCFF558JLP/,/files/ENCFF597CVA/,/files/ENCFF295CPJ/,/files/ENCFF387EEJ/,/files/ENCFF180JQG/,/files/ENCFF697ZIG/,/files/ENCFF150RNI/,/files/ENCFF042GJF/,/files/ENCFF215IGK/,/files/ENCFF453HKD/,/files/ENCFF212ZYZ/,/files/ENCFF317JDI/,/files/ENCFF449AQS/,/files/ENCFF827RGK/,/files/ENCFF907ASG/,/files/ENCFF295RNM/,/files/ENCFF857SSH/,/files/ENCFF438YJY/,/files/ENCFF740MEO/,/files/ENCFF200SQG/		ENCBS516WDR,ENCBS570CKS	3,1	1	ENCAB728YTO	Drosophila melanogaster	wandering third instar larva											/organisms/dmelanogaster/		/replicates/0c2f0ca7-e669-48ea-adbd-f55690dfa9f5/,/replicates/2fa85910-64fa-478b-b5e5-c21b58ca9dc6/				
/experiments/ENCSR609RLI/	ENCSR609RLI	ChIP-seq	TF ChIP-seq	whole organisms	/targets/Mio-dmelanogaster/	Mio	Mondo	Drosophila melanogaster strain Mio-GFP whole organism wandering third instar larva genetically modified (insertion) using site-specific recombination targeting D. melanogaster Mondo	whole organism	FactorBook:ENCSR609RLI,GEO:GSE258145	ChIP-seq on transgenic flies expressing Mio-eGFP fusion proteins. The IP was performed using an anti-GFP antibody.	Kevin White, UChicago	modERN	released	/files/ENCFF500PYX/,/files/ENCFF402RFN/,/files/ENCFF353EDY/,/files/ENCFF818IBE/,/files/ENCFF427MQN/,/files/ENCFF376BAO/,/files/ENCFF542LEO/,/files/ENCFF409GUV/,/files/ENCFF260YNC/,/files/ENCFF781SEQ/,/files/ENCFF542PYE/,/files/ENCFF537MYR/,/files/ENCFF745KSB/,/files/ENCFF504FMG/,/files/ENCFF213JQT/,/files/ENCFF208OCK/,/files/ENCFF084XSU/,/files/ENCFF683TDS/,/files/ENCFF725SCO/,/files/ENCFF285DBW/,/files/ENCFF998VNP/,/files/ENCFF646ZNY/,/files/ENCFF576LWD/,/files/ENCFF405UJD/,/files/ENCFF971DHR/,/files/ENCFF842UXM/,/files/ENCFF960IEB/,/files/ENCFF632KJO/,/files/ENCFF296HGP/,/files/ENCFF813VRV/,/files/ENCFF344AQJ/,/files/ENCFF326UHJ/,/files/ENCFF638XIC/,/files/ENCFF246QKZ/,/files/ENCFF135YRC/,/files/ENCFF154DBR/,/files/ENCFF242VFU/,/files/ENCFF393VYW/,/files/ENCFF366SBO/,/files/ENCFF745XNP/		ENCBS193RYU,ENCBS725WWE	5,1	1	ENCAB728YTO	Drosophila melanogaster	wandering third instar larva											/organisms/dmelanogaster/		/replicates/ee3e42a8-6cc5-4afa-a5de-f1821165f29b/,/replicates/69b1077c-8772-4343-9c20-ebf735440d80/				
/experiments/ENCSR461AXL/	ENCSR461AXL	ChIP-seq	TF ChIP-seq	whole organisms	/targets/h-dmelanogaster/	h	h	Drosophila melanogaster strain 15T-GFP whole organism wandering third instar larva genetically modified (insertion) using site-specific recombination targeting D. melanogaster h	whole organism	GEO:GSE258734,FactorBook:ENCSR461AXL	ChIP-seq on transgenic flies expressing h-eGFP fusion proteins. The IP was performed using an anti-GFP antibody.	Kevin White, UChicago	modERN	released	/files/ENCFF630GEQ/,/files/ENCFF827MQB/,/files/ENCFF617LGV/,/files/ENCFF407JXB/,/files/ENCFF729NZK/,/files/ENCFF986MDE/,/files/ENCFF042IXQ/,/files/ENCFF512UTN/,/files/ENCFF997WLQ/,/files/ENCFF071RJL/,/files/ENCFF274KMC/,/files/ENCFF935FQH/,/files/ENCFF186FDE/,/files/ENCFF897BMQ/,/files/ENCFF126RGE/,/files/ENCFF501BAB/,/files/ENCFF516WUB/,/files/ENCFF145BUD/,/files/ENCFF332MCO/,/files/ENCFF396ROZ/,/files/ENCFF741WAV/,/files/ENCFF573IBS/,/files/ENCFF550ROI/,/files/ENCFF805QCN/,/files/ENCFF791JMP/,/files/ENCFF040GXS/,/files/ENCFF662NFF/,/files/ENCFF455AVT/,/files/ENCFF299WXQ/,/files/ENCFF663BKK/,/files/ENCFF942VIS/,/files/ENCFF616NHK/,/files/ENCFF102ZQO/,/files/ENCFF093HAY/,/files/ENCFF137OJL/,/files/ENCFF497YQT/,/files/ENCFF945BKR/,/files/ENCFF157PAH/,/files/ENCFF695ATJ/,/files/ENCFF371ICK/,/files/ENCFF627IKW/,/files/ENCFF357JXR/,/files/ENCFF387OVB/,/files/ENCFF434QQA/,/files/ENCFF063BSF/,/files/ENCFF062RMB/,/files/ENCFF973RIR/,/files/ENCFF302DFK/,/files/ENCFF087GQA/,/files/ENCFF352FBF/,/files/ENCFF976RXC/,/files/ENCFF192OFW/,/files/ENCFF951TYU/		ENCBS689FAH,ENCBS222MKD,ENCBS517FBD	2,1,3	1	ENCAB728YTO	Drosophila melanogaster	wandering third instar larva											/organisms/dmelanogaster/		/replicates/a1fbf367-e691-4fb6-a852-20d4bcfa8a2f/,/replicates/f46174b0-6329-4786-af6e-237788dd76e9/,/replicates/3fde2cde-f211-417f-bbbc-12154da6c90c/				
/experiments/ENCSR824HQS/	ENCSR824HQS	ChIP-seq	TF ChIP-seq	whole organisms	/targets/OdsH-dmelanogaster/	OdsH	OdsH	Drosophila melanogaster strain OdsH-GFP whole organism wandering third instar larva genetically modified (insertion) using site-specific recombination targeting D. melanogaster OdsH	whole organism	FactorBook:ENCSR824HQS,GEO:GSE259075	ChIP-seq on transgenic flies expressing odsH-eGFP fusion proteins. The IP was performed using an anti-GFP antibody.	Kevin White, UChicago	modERN	released	/files/ENCFF351BCH/,/files/ENCFF093LKL/,/files/ENCFF028AWX/,/files/ENCFF636MNV/,/files/ENCFF676AWR/,/files/ENCFF237FOI/,/files/ENCFF095YYR/,/files/ENCFF402AQS/,/files/ENCFF341PLX/,/files/ENCFF226NZR/,/files/ENCFF927CBQ/,/files/ENCFF131TQY/,/files/ENCFF540DLM/,/files/ENCFF352VAH/,/files/ENCFF464GPH/,/files/ENCFF361IDO/,/files/ENCFF361BXD/,/files/ENCFF689MHF/,/files/ENCFF100CGC/,/files/ENCFF144QQU/,/files/ENCFF466YAA/,/files/ENCFF567YEV/,/files/ENCFF791PNU/,/files/ENCFF127HNA/,/files/ENCFF421OKX/,/files/ENCFF899YZU/,/files/ENCFF732XLN/,/files/ENCFF475AAO/,/files/ENCFF542FOJ/,/files/ENCFF370BGD/,/files/ENCFF686TUR/,/files/ENCFF894WJK/,/files/ENCFF595FXC/,/files/ENCFF474IEM/,/files/ENCFF229UHE/,/files/ENCFF474VXN/,/files/ENCFF668EJI/,/files/ENCFF840KKH/,/files/ENCFF010OPU/,/files/ENCFF126COV/		ENCBS727RJY,ENCBS509YQP	2,1	1	ENCAB728YTO	Drosophila melanogaster	wandering third instar larva											/organisms/dmelanogaster/		/replicates/32b8985a-b41c-4bf2-bebd-661bbc19bdde/,/replicates/82dd8a70-27e4-403f-8617-94ad81f450c0/				
/experiments/ENCSR933LXL/	ENCSR933LXL	ChIP-seq	TF ChIP-seq	whole organisms	/targets/woc-dmelanogaster/	woc	woc	Drosophila melanogaster strain woc-GFP whole organism wandering third instar larva genetically modified (insertion) using site-specific recombination targeting D. melanogaster woc	whole organism	GEO:GSE258355,FactorBook:ENCSR933LXL	ChIP-seq on transgenic flies expressing woc-eGFP fusion proteins. The IP was performed using an anti-GFP antibody.	Kevin White, UChicago	modERN	released	/files/ENCFF127JGQ/,/files/ENCFF107FLZ/,/files/ENCFF985IAS/,/files/ENCFF240KBG/,/files/ENCFF200FBL/,/files/ENCFF867XVB/,/files/ENCFF877BUM/,/files/ENCFF344WSZ/,/files/ENCFF647KQJ/,/files/ENCFF081LAY/,/files/ENCFF358ADN/,/files/ENCFF445VAA/,/files/ENCFF807NCZ/,/files/ENCFF737OAZ/,/files/ENCFF285GGP/,/files/ENCFF898SYB/,/files/ENCFF463EJE/,/files/ENCFF394GJK/,/files/ENCFF720MJA/,/files/ENCFF952FNB/,/files/ENCFF948IUX/,/files/ENCFF688WDF/,/files/ENCFF415NTJ/,/files/ENCFF184BJG/,/files/ENCFF847VLM/,/files/ENCFF187PNA/,/files/ENCFF635THD/,/files/ENCFF998IYX/,/files/ENCFF270SWA/,/files/ENCFF019EQE/,/files/ENCFF043BNR/,/files/ENCFF426DCQ/,/files/ENCFF889PYA/,/files/ENCFF819CED/,/files/ENCFF910EOZ/,/files/ENCFF074RLF/,/files/ENCFF497THS/,/files/ENCFF106QQM/,/files/ENCFF916ZJW/,/files/ENCFF621QDX/		ENCBS113RLI,ENCBS680BNG	1,3	1	ENCAB728YTO	Drosophila melanogaster	wandering third instar larva											/organisms/dmelanogaster/		/replicates/d1a430a4-7128-41aa-acc7-631e13928e6e/,/replicates/0588b6be-d93d-4caa-82ef-124241a63ac5/				
/experiments/ENCSR978WED/	ENCSR978WED	ChIP-seq	TF ChIP-seq	whole organisms	/targets/jim-dmelanogaster/	jim	jim	Drosophila melanogaster strain jim-GFP whole organism wandering third instar larva genetically modified (insertion) using site-specific recombination targeting D. melanogaster jim	whole organism	GEO:GSE258886	ChIP-seq on transgenic flies expressing jim-eGFP fusion proteins. The IP was performed using an anti-GFP antibody.	Kevin White, UChicago	modERN	released	/files/ENCFF333NEJ/,/files/ENCFF969EHB/,/files/ENCFF240UFU/,/files/ENCFF586MOA/,/files/ENCFF464MWG/,/files/ENCFF623ABK/,/files/ENCFF106YWL/,/files/ENCFF510VEZ/,/files/ENCFF700BKD/,/files/ENCFF395OBN/,/files/ENCFF311YQT/,/files/ENCFF985EDB/,/files/ENCFF821IJS/,/files/ENCFF402SLZ/,/files/ENCFF782VKJ/,/files/ENCFF078ZAE/,/files/ENCFF129SOW/,/files/ENCFF055AAF/,/files/ENCFF221ESY/,/files/ENCFF254PTR/,/files/ENCFF084RYB/,/files/ENCFF151ZKX/,/files/ENCFF903XHR/,/files/ENCFF769AGM/,/files/ENCFF303BAK/,/files/ENCFF802IIW/,/files/ENCFF806PXA/,/files/ENCFF456GFJ/,/files/ENCFF298SUZ/,/files/ENCFF480BDS/,/files/ENCFF978RAV/,/files/ENCFF826TBU/,/files/ENCFF290IPR/,/files/ENCFF315SKL/,/files/ENCFF197ZGH/,/files/ENCFF754SFK/,/files/ENCFF683FCG/,/files/ENCFF500ODO/,/files/ENCFF128LUA/,/files/ENCFF834CPL/		ENCBS399HYB,ENCBS313CHY	1,3	1	ENCAB728YTO	Drosophila melanogaster	wandering third instar larva											/organisms/dmelanogaster/		/replicates/5ab38a26-7be7-4e68-ac39-49aedfe58090/,/replicates/fe9c95c9-ab81-43f3-9201-adda14e7049f/				
/experiments/ENCSR570ADO/	ENCSR570ADO	ChIP-seq	TF ChIP-seq	whole organisms	/targets/sv-dmelanogaster/	sv	sv	Drosophila melanogaster strain sv-GFP whole organism wandering third instar larva genetically modified (insertion) using site-specific recombination targeting D. melanogaster sv	whole organism	GEO:GSE257789,FactorBook:ENCSR570ADO	ChIP-seq on transgenic flies expressing sv-eGFP fusion proteins. The IP was performed using an anti-GFP antibody.	Kevin White, UChicago	modERN	released	/files/ENCFF204LCM/,/files/ENCFF190PXU/,/files/ENCFF829PDK/,/files/ENCFF065XYE/,/files/ENCFF177LAE/,/files/ENCFF138BJX/,/files/ENCFF783KOA/,/files/ENCFF550DEF/,/files/ENCFF099PNW/,/files/ENCFF478THG/,/files/ENCFF879AUC/,/files/ENCFF141ZSI/,/files/ENCFF655KVG/,/files/ENCFF800RXB/,/files/ENCFF428EKX/,/files/ENCFF679MOI/,/files/ENCFF568UIA/,/files/ENCFF188WIM/,/files/ENCFF223HMG/,/files/ENCFF189GZX/,/files/ENCFF298TVP/,/files/ENCFF700JQD/,/files/ENCFF059HIX/,/files/ENCFF412CQD/,/files/ENCFF146GOZ/,/files/ENCFF288XIM/,/files/ENCFF174NHC/,/files/ENCFF205WXS/,/files/ENCFF635OER/,/files/ENCFF520WPO/,/files/ENCFF961RLG/,/files/ENCFF650UBE/,/files/ENCFF988HNY/,/files/ENCFF951GGY/,/files/ENCFF354UUO/,/files/ENCFF162DUA/,/files/ENCFF033HQR/,/files/ENCFF248KJB/,/files/ENCFF901JHV/,/files/ENCFF894NCM/,/files/ENCFF786LUR/,/files/ENCFF188ZSN/,/files/ENCFF665MYI/,/files/ENCFF412FRZ/,/files/ENCFF059LFD/,/files/ENCFF519FBM/,/files/ENCFF239FDP/,/files/ENCFF007DSW/,/files/ENCFF322NYB/,/files/ENCFF652HEC/,/files/ENCFF126HYA/,/files/ENCFF048MUD/,/files/ENCFF045JGO/		ENCBS676TFF,ENCBS780VSZ,ENCBS410QHY	3,1,2	1	ENCAB728YTO	Drosophila melanogaster	wandering third instar larva											/organisms/dmelanogaster/		/replicates/32a672ad-945c-432e-be7e-e61cbc2894a9/,/replicates/ea89ae4e-42a9-440e-ad81-3aa733f4e4d6/,/replicates/62953cd5-85bc-49f4-8856-d1933afde916/				
/experiments/ENCSR443MIN/	ENCSR443MIN	ChIP-seq	TF ChIP-seq	whole organisms	/targets/tai-dmelanogaster/	tai	tai	Drosophila melanogaster strain tai-GFP whole organism wandering third instar larva genetically modified (insertion) using site-specific recombination targeting D. melanogaster tai	whole organism	GEO:GSE258521	ChIP-seq on transgenic flies expressing tai-eGFP fusion proteins. The IP was performed using an anti-GFP antibody.	Kevin White, UChicago	modERN	released	/files/ENCFF966JOO/,/files/ENCFF858MRP/,/files/ENCFF837CSZ/,/files/ENCFF634LXF/,/files/ENCFF675JIP/,/files/ENCFF521OXO/,/files/ENCFF778RGV/,/files/ENCFF892PBG/,/files/ENCFF821LZW/,/files/ENCFF586SBK/,/files/ENCFF733HQO/,/files/ENCFF120NXQ/,/files/ENCFF398TEJ/,/files/ENCFF541DJB/,/files/ENCFF958VUD/,/files/ENCFF447RNH/,/files/ENCFF275MXK/,/files/ENCFF535EBM/,/files/ENCFF203EPJ/,/files/ENCFF487VSY/,/files/ENCFF706OGR/,/files/ENCFF499LQM/,/files/ENCFF912XXU/,/files/ENCFF675OYU/,/files/ENCFF207MFW/,/files/ENCFF427JLQ/,/files/ENCFF331BZG/,/files/ENCFF719ZXK/,/files/ENCFF412CTX/,/files/ENCFF581KLF/,/files/ENCFF235TNU/,/files/ENCFF079ATY/,/files/ENCFF377JDZ/,/files/ENCFF452CJF/,/files/ENCFF966JNW/,/files/ENCFF632XCO/,/files/ENCFF999IMC/,/files/ENCFF363TQG/,/files/ENCFF002NDA/,/files/ENCFF370NSR/,/files/ENCFF208MPQ/		ENCBS723KXG,ENCBS796XUC	1,3	1	ENCAB728YTO	Drosophila melanogaster	wandering third instar larva											/organisms/dmelanogaster/		/replicates/1b4d52fd-64c6-42f0-92b9-4d87cdbc9c2f/,/replicates/3f158574-ca24-4469-829c-13ae4e5a99d1/				
/experiments/ENCSR518MQL/	ENCSR518MQL	ChIP-seq	TF ChIP-seq	whole organisms	/targets/Hnf4-dmelanogaster/	Hnf4	Hnf4	Drosophila melanogaster strain Hnf4-GFP whole organism wandering third instar larva genetically modified (insertion) using site-specific recombination targeting D. melanogaster Hnf4	whole organism	GEO:GSE259142	ChIP-seq on transgenic flies expressing Hnf4-eGFP fusion proteins. The IP was performed using an anti-GFP antibody.	Kevin White, UChicago	modERN	released	/files/ENCFF017XLR/,/files/ENCFF602IWX/,/files/ENCFF014EBJ/,/files/ENCFF361OEE/,/files/ENCFF403NRE/,/files/ENCFF444CJP/,/files/ENCFF177SLG/,/files/ENCFF246VVQ/,/files/ENCFF817UED/,/files/ENCFF281QTD/,/files/ENCFF636VTD/,/files/ENCFF288RHZ/,/files/ENCFF669RIN/,/files/ENCFF918VCF/,/files/ENCFF598DWA/,/files/ENCFF603GHE/,/files/ENCFF132AFP/,/files/ENCFF668OJA/,/files/ENCFF940COE/,/files/ENCFF618NGN/,/files/ENCFF118DHX/,/files/ENCFF595WBB/,/files/ENCFF788LHA/,/files/ENCFF526TVW/,/files/ENCFF012SEL/,/files/ENCFF523AQI/,/files/ENCFF637QJC/,/files/ENCFF775VZE/,/files/ENCFF971SCB/,/files/ENCFF680FFM/,/files/ENCFF953GVO/,/files/ENCFF368BBT/,/files/ENCFF391YWE/,/files/ENCFF128MIC/,/files/ENCFF330FMC/,/files/ENCFF466NLW/,/files/ENCFF315KMW/,/files/ENCFF558JTT/,/files/ENCFF173CCP/,/files/ENCFF992FNM/		ENCBS917VVD,ENCBS095RPJ	1,2	1	ENCAB728YTO	Drosophila melanogaster	wandering third instar larva											/organisms/dmelanogaster/		/replicates/9378f945-5311-462e-bafc-c881d8de9143/,/replicates/44519687-88c5-4fb8-b483-b68f5f0a8033/				
/experiments/ENCSR861XSB/	ENCSR861XSB	ChIP-seq	TF ChIP-seq	whole organisms	/targets/mod(mdg4)-dmelanogaster/	mod(mdg4)	mod(mdg4)	Drosophila melanogaster strain mod(mdg4)-GFP whole organism wandering third instar larva genetically modified (insertion) using site-specific recombination targeting D. melanogaster mod(mdg4)	whole organism	FactorBook:ENCSR861XSB,GEO:GSE257693	ChIP-seq on transgenic flies expressing mod(mdg4)-eGFP fusion proteins. The IP was performed using an anti-GFP antibody.	Kevin White, UChicago	modERN	released	/files/ENCFF786GZT/,/files/ENCFF015MJU/,/files/ENCFF425JSN/,/files/ENCFF233MYU/,/files/ENCFF456YWT/,/files/ENCFF303QKT/,/files/ENCFF208RCR/,/files/ENCFF356ZZG/,/files/ENCFF276JQQ/,/files/ENCFF325JZA/,/files/ENCFF432XGV/,/files/ENCFF219VPT/,/files/ENCFF298BTJ/,/files/ENCFF172TEM/,/files/ENCFF236IBG/,/files/ENCFF422VEJ/,/files/ENCFF243HWE/,/files/ENCFF713SJM/,/files/ENCFF129SXS/,/files/ENCFF321HZE/,/files/ENCFF073PXC/,/files/ENCFF420XIT/,/files/ENCFF751VRL/,/files/ENCFF740DYK/,/files/ENCFF372YBJ/,/files/ENCFF215IHW/,/files/ENCFF370TDJ/,/files/ENCFF982DJZ/,/files/ENCFF214SLO/,/files/ENCFF844SGQ/,/files/ENCFF415PWJ/,/files/ENCFF247YHA/,/files/ENCFF223GNN/,/files/ENCFF346NWS/,/files/ENCFF251PYV/,/files/ENCFF802XIT/,/files/ENCFF175AOZ/,/files/ENCFF711IFR/,/files/ENCFF980AQF/,/files/ENCFF021DTO/,/files/ENCFF412VYJ/,/files/ENCFF796NOA/		ENCBS926EWA,ENCBS495HAU	4,3	1	ENCAB728YTO	Drosophila melanogaster	wandering third instar larva											/organisms/dmelanogaster/		/replicates/10eb5aa0-8038-4051-8ff6-4d49d13290e5/,/replicates/018bd138-3019-4710-b0f7-ecb9b19307b3/				
/experiments/ENCSR245UCO/	ENCSR245UCO	ChIP-seq	TF ChIP-seq	whole organisms	/targets/GATAd-dmelanogaster/	GATAd	GATAd	Drosophila melanogaster strain GATAd-GFP whole organism wandering third instar larva genetically modified (insertion) using site-specific recombination targeting D. melanogaster GATAd	whole organism	GEO:GSE257252,FactorBook:ENCSR245UCO	ChIP-seq on transgenic flies expressing GATAd-eGFP fusion proteins. The IP was performed using an anti-GFP antibody.	Kevin White, UChicago	modERN	released	/files/ENCFF605NWM/,/files/ENCFF090JEI/,/files/ENCFF759RZA/,/files/ENCFF847TDK/,/files/ENCFF482ONW/,/files/ENCFF865PWQ/,/files/ENCFF269NDI/,/files/ENCFF771CBY/,/files/ENCFF307FLW/,/files/ENCFF829HEP/,/files/ENCFF728FBK/,/files/ENCFF654GFC/,/files/ENCFF591PGR/,/files/ENCFF679NCC/,/files/ENCFF479DOD/,/files/ENCFF759JKZ/,/files/ENCFF188SAA/,/files/ENCFF592QRD/,/files/ENCFF051GNY/,/files/ENCFF445MCN/,/files/ENCFF004ETE/,/files/ENCFF487GCM/,/files/ENCFF918HZL/,/files/ENCFF654FGQ/,/files/ENCFF290LOL/,/files/ENCFF404FZK/,/files/ENCFF512POG/,/files/ENCFF637SEO/,/files/ENCFF717PHP/,/files/ENCFF565HVL/,/files/ENCFF178POE/,/files/ENCFF312CFX/,/files/ENCFF304QAQ/,/files/ENCFF370YJF/,/files/ENCFF613DIK/,/files/ENCFF987JFE/,/files/ENCFF485DOS/,/files/ENCFF016XFH/,/files/ENCFF265FMG/,/files/ENCFF202YXL/		ENCBS011LYH,ENCBS138OWX	3,2	1	ENCAB728YTO	Drosophila melanogaster	wandering third instar larva											/organisms/dmelanogaster/		/replicates/5ef82b0e-523c-4e5d-88c0-2e359c437a62/,/replicates/aaef18bd-b3d2-47da-b344-a76560bebe14/				
/experiments/ENCSR291KUB/	ENCSR291KUB	ChIP-seq	TF ChIP-seq	whole organisms	/targets/Rel-dmelanogaster/	Rel	Rel	Drosophila melanogaster strain Rel-GFP whole organism wandering third instar larva genetically modified (insertion) using site-specific recombination targeting D. melanogaster Rel	whole organism	FactorBook:ENCSR291KUB,GEO:GSE256713	ChIP-seq on transgenic flies expressing Rel-eGFP fusion proteins. The IP was performed using an anti-GFP antibody.	Kevin White, UChicago	modERN	released	/files/ENCFF658GCJ/,/files/ENCFF608PMP/,/files/ENCFF274IBM/,/files/ENCFF198MNV/,/files/ENCFF855MDW/,/files/ENCFF406SPS/,/files/ENCFF224VEG/,/files/ENCFF789RVN/,/files/ENCFF567JCQ/,/files/ENCFF419NDR/,/files/ENCFF054SOH/,/files/ENCFF515LVU/,/files/ENCFF865JJI/,/files/ENCFF359CDY/,/files/ENCFF156WGY/,/files/ENCFF144UTJ/,/files/ENCFF300ALT/,/files/ENCFF325ZKE/,/files/ENCFF113ZSX/,/files/ENCFF030MOP/,/files/ENCFF345EHD/,/files/ENCFF818HHH/,/files/ENCFF321DPL/,/files/ENCFF505DXS/,/files/ENCFF175GQW/,/files/ENCFF292JKY/,/files/ENCFF690FYF/,/files/ENCFF354CPA/,/files/ENCFF992AOK/,/files/ENCFF099YGU/,/files/ENCFF215HKG/,/files/ENCFF524MMZ/,/files/ENCFF127TCW/,/files/ENCFF926NFJ/,/files/ENCFF560HVJ/,/files/ENCFF833TBL/,/files/ENCFF019ADO/,/files/ENCFF431ENP/,/files/ENCFF101TBI/,/files/ENCFF752TWA/		ENCBS079KXG,ENCBS853AJH	2,3	1	ENCAB728YTO	Drosophila melanogaster	wandering third instar larva											/organisms/dmelanogaster/		/replicates/d7f01779-845c-4cc7-985b-dc4ac68cc8de/,/replicates/4ebc555a-a7a3-4745-82b4-b575e1101dbd/				
/experiments/ENCSR360YKV/	ENCSR360YKV	ChIP-seq	TF ChIP-seq	whole organisms	/targets/cnc-dmelanogaster/	cnc	cnc	Drosophila melanogaster strain cnc-GFP whole organism wandering third instar larva genetically modified (insertion) using site-specific recombination targeting D. melanogaster cnc	whole organism	FactorBook:ENCSR360YKV,GEO:GSE257551	ChIP-seq on transgenic flies expressing cnc-eGFP fusion proteins. The IP was performed using an anti-GFP antibody.	Kevin White, UChicago	modERN	released	/files/ENCFF513JIZ/,/files/ENCFF546AGE/,/files/ENCFF812BWJ/,/files/ENCFF217NYR/,/files/ENCFF915SOP/,/files/ENCFF491MRQ/,/files/ENCFF057PWS/,/files/ENCFF139RKM/,/files/ENCFF600PPZ/,/files/ENCFF545MQG/,/files/ENCFF545CAS/,/files/ENCFF925YFK/,/files/ENCFF388APP/,/files/ENCFF795BUX/,/files/ENCFF610CSR/,/files/ENCFF846TFG/,/files/ENCFF554GTU/,/files/ENCFF773IZU/,/files/ENCFF239FDA/,/files/ENCFF464MXD/,/files/ENCFF582JOJ/,/files/ENCFF109LQL/,/files/ENCFF642TEI/,/files/ENCFF427CMV/,/files/ENCFF815STM/,/files/ENCFF507MGG/,/files/ENCFF845NPN/,/files/ENCFF398QCM/,/files/ENCFF141GSG/,/files/ENCFF892UHE/,/files/ENCFF721KED/,/files/ENCFF170QCX/,/files/ENCFF425XRQ/,/files/ENCFF882OYL/,/files/ENCFF070XGJ/,/files/ENCFF434XSG/,/files/ENCFF235IBP/,/files/ENCFF688PEY/,/files/ENCFF799SKY/,/files/ENCFF320SVV/,/files/ENCFF520FGL/,/files/ENCFF048TOW/,/files/ENCFF492RMR/,/files/ENCFF235CYC/,/files/ENCFF092MVB/,/files/ENCFF133FVS/,/files/ENCFF234SYB/,/files/ENCFF359QKS/,/files/ENCFF614KVH/,/files/ENCFF783HZG/,/files/ENCFF953ZHC/,/files/ENCFF089DYJ/,/files/ENCFF738RLR/,/files/ENCFF497TDC/,/files/ENCFF089GNT/,/files/ENCFF198PQL/,/files/ENCFF940ZNU/,/files/ENCFF236VSX/,/files/ENCFF518EZV/,/files/ENCFF572ATX/,/files/ENCFF903PWT/,/files/ENCFF771KDF/,/files/ENCFF225PVX/,/files/ENCFF999ZLG/,/files/ENCFF038RYP/,/files/ENCFF746GEO/,/files/ENCFF873CJC/,/files/ENCFF613IAX/,/files/ENCFF390FWQ/,/files/ENCFF531EDL/,/files/ENCFF257YDU/,/files/ENCFF984UKW/,/files/ENCFF184EDB/,/files/ENCFF087LNK/,/files/ENCFF059IFU/,/files/ENCFF081XXK/,/files/ENCFF428OYI/,/files/ENCFF837SDB/,/files/ENCFF672LFK/,/files/ENCFF351JBY/		ENCBS899MFX,ENCBS976XLB	1,2	1	ENCAB728YTO	Drosophila melanogaster	wandering third instar larva											/organisms/dmelanogaster/		/replicates/878a8145-7401-4005-872c-d959bfb5c90d/,/replicates/230a9dad-f7d5-4996-8334-2d572e27970d/				
/experiments/ENCSR548EHZ/	ENCSR548EHZ	ChIP-seq	TF ChIP-seq	whole organisms	/targets/foxo-dmelanogaster/	foxo	foxo	Drosophila melanogaster strain foxo-GFP whole organism wandering third instar larva genetically modified (insertion) using site-specific recombination targeting D. melanogaster foxo	whole organism	GEO:GSE257676,FactorBook:ENCSR548EHZ	ChIP-seq on transgenic flies expressing foxo-eGFP fusion proteins. The IP was performed using an anti-GFP antibody.	Kevin White, UChicago	modERN	released	/files/ENCFF014ZWS/,/files/ENCFF899XPB/,/files/ENCFF899HIY/,/files/ENCFF417OXJ/,/files/ENCFF790BJP/,/files/ENCFF783GTN/,/files/ENCFF115GTT/,/files/ENCFF974CMO/,/files/ENCFF743MCD/,/files/ENCFF789ALO/,/files/ENCFF372PDJ/,/files/ENCFF172PXX/,/files/ENCFF162XBN/,/files/ENCFF768VNC/,/files/ENCFF117AHQ/,/files/ENCFF311BPM/,/files/ENCFF981BFB/,/files/ENCFF646KLL/,/files/ENCFF876RDO/,/files/ENCFF548MGQ/,/files/ENCFF561HHS/,/files/ENCFF367VJI/,/files/ENCFF659TIV/,/files/ENCFF847DXT/,/files/ENCFF303WGM/,/files/ENCFF807HCY/,/files/ENCFF158RCN/,/files/ENCFF105NBK/,/files/ENCFF280OLS/,/files/ENCFF018OLV/,/files/ENCFF675PFL/,/files/ENCFF745RYA/,/files/ENCFF580ULT/,/files/ENCFF393QNM/,/files/ENCFF583LUI/,/files/ENCFF755YZY/,/files/ENCFF439NHU/,/files/ENCFF371NVP/,/files/ENCFF563QIG/,/files/ENCFF513HGZ/		ENCBS735WIT,ENCBS689DMT	5,6	1	ENCAB728YTO	Drosophila melanogaster	wandering third instar larva											/organisms/dmelanogaster/		/replicates/30650f1f-36a6-41f2-b0c2-e1175f3690fa/,/replicates/b55aaeb1-77b4-4495-a422-85b33432d776/				
/experiments/ENCSR239YEX/	ENCSR239YEX	ChIP-seq	TF ChIP-seq	whole organisms	/targets/Hr83-dmelanogaster/	Hr83	Hr83	Drosophila melanogaster strain Hr83-GFP whole organism wandering third instar larva genetically modified (insertion) using site-specific recombination targeting D. melanogaster Hr83	whole organism	FactorBook:ENCSR239YEX,GEO:GSE257173	ChIP-seq on transgenic flies expressing Hr83-eGFP fusion proteins. The IP was performed using an anti-GFP antibody.	Kevin White, UChicago	modERN	released	/files/ENCFF301FZB/,/files/ENCFF787ZJM/,/files/ENCFF450TCD/,/files/ENCFF334OFD/,/files/ENCFF925OHU/,/files/ENCFF038UVF/,/files/ENCFF814BIL/,/files/ENCFF050IGO/,/files/ENCFF270BWG/,/files/ENCFF587TBD/,/files/ENCFF024HYB/,/files/ENCFF197BJR/,/files/ENCFF679QJS/,/files/ENCFF872MIE/,/files/ENCFF206VEK/,/files/ENCFF390CAE/,/files/ENCFF725QUU/,/files/ENCFF778WFJ/,/files/ENCFF837QGV/,/files/ENCFF329GZI/,/files/ENCFF911MHZ/,/files/ENCFF813EML/,/files/ENCFF806UFU/,/files/ENCFF656BRB/,/files/ENCFF822SEJ/,/files/ENCFF043ZEI/,/files/ENCFF893XTS/,/files/ENCFF756LLI/,/files/ENCFF519FYI/,/files/ENCFF139HOM/,/files/ENCFF837NKO/,/files/ENCFF122TAW/,/files/ENCFF306UWJ/,/files/ENCFF130XNU/,/files/ENCFF756RHT/,/files/ENCFF551CSF/,/files/ENCFF223LBB/,/files/ENCFF475UCX/,/files/ENCFF894LBW/,/files/ENCFF121BWC/		ENCBS206TIT,ENCBS158KGL	4,3	1	ENCAB728YTO	Drosophila melanogaster	wandering third instar larva											/organisms/dmelanogaster/		/replicates/8f9914b8-4d1f-4dad-a5c5-ba85438b4470/,/replicates/8e7197d6-d11b-4476-b4d3-58c65ef53b2f/				
/experiments/ENCSR965GGK/	ENCSR965GGK	ChIP-seq	TF ChIP-seq	whole organisms	/targets/CG32264-dmelanogaster/	CG32264	CG32264	Drosophila melanogaster strain CG32264-GFP whole organism wandering third instar larva genetically modified (insertion) using site-specific recombination targeting D. melanogaster CG32264	whole organism	GEO:GSE258713	ChIP-seq on transgenic flies expressing CG32264-eGFP fusion proteins. The IP was performed using an anti-GFP antibody.	Kevin White, UChicago	modERN	released	/files/ENCFF139PXO/,/files/ENCFF071VRV/,/files/ENCFF146YBM/,/files/ENCFF599YRP/,/files/ENCFF862UWA/,/files/ENCFF061HVK/,/files/ENCFF159GOW/,/files/ENCFF664BWP/,/files/ENCFF485EKD/,/files/ENCFF205YXO/,/files/ENCFF783DGI/,/files/ENCFF824IKF/,/files/ENCFF062NZD/,/files/ENCFF908AIO/,/files/ENCFF363HEM/,/files/ENCFF210PHE/,/files/ENCFF154UDI/,/files/ENCFF341YJB/,/files/ENCFF808WMD/,/files/ENCFF596GHV/,/files/ENCFF074MNI/,/files/ENCFF104ZNA/,/files/ENCFF249XAU/,/files/ENCFF839AFY/,/files/ENCFF456PCP/,/files/ENCFF331YGZ/,/files/ENCFF519SAN/,/files/ENCFF267JNY/,/files/ENCFF193LJS/,/files/ENCFF495WKK/,/files/ENCFF773PRX/,/files/ENCFF848LPX/,/files/ENCFF799IPY/,/files/ENCFF964XIK/,/files/ENCFF387YJY/,/files/ENCFF048AUF/,/files/ENCFF776FAG/,/files/ENCFF047ZPF/,/files/ENCFF199XFV/,/files/ENCFF570XXJ/		ENCBS497XUG,ENCBS128MBQ	3,1	1	ENCAB728YTO	Drosophila melanogaster	wandering third instar larva											/organisms/dmelanogaster/		/replicates/3e7218a4-f98e-4c22-a024-98c1329628df/,/replicates/99127cbb-ec9f-4ca4-84bb-018d60f7469d/				
/experiments/ENCSR855AGQ/	ENCSR855AGQ	ChIP-seq	TF ChIP-seq	whole organisms	/targets/ey-dmelanogaster/	ey	ey	Drosophila melanogaster strain ey-GFP whole organism wandering third instar larva genetically modified (insertion) using site-specific recombination targeting D. melanogaster ey	whole organism	GEO:GSE257648,FactorBook:ENCSR855AGQ	ChIP-seq on transgenic flies expressing ey-eGFP fusion proteins. The IP was performed using an anti-GFP antibody.	Kevin White, UChicago	modERN	released	/files/ENCFF796TBM/,/files/ENCFF971TYP/,/files/ENCFF160DOY/,/files/ENCFF915SJT/,/files/ENCFF520EGK/,/files/ENCFF297LBL/,/files/ENCFF220LAC/,/files/ENCFF046AON/,/files/ENCFF110PZB/,/files/ENCFF685YMZ/,/files/ENCFF921BVP/,/files/ENCFF150FIP/,/files/ENCFF903DTZ/,/files/ENCFF749AUI/,/files/ENCFF354FZV/,/files/ENCFF874OXL/,/files/ENCFF230OYV/,/files/ENCFF097GLD/,/files/ENCFF267AUY/,/files/ENCFF502SYJ/,/files/ENCFF974XHD/,/files/ENCFF451VVG/,/files/ENCFF080ETT/,/files/ENCFF941NUK/,/files/ENCFF220UOQ/,/files/ENCFF447KKX/,/files/ENCFF805TXQ/,/files/ENCFF130VNN/,/files/ENCFF181YAP/,/files/ENCFF632GRQ/,/files/ENCFF156RSB/,/files/ENCFF483TBV/,/files/ENCFF277NGS/,/files/ENCFF465TPE/,/files/ENCFF673PYL/,/files/ENCFF692SZZ/,/files/ENCFF270WKI/,/files/ENCFF729HCO/,/files/ENCFF710HFR/,/files/ENCFF575OXM/		ENCBS612EGK,ENCBS301UEW	3,1	1	ENCAB728YTO	Drosophila melanogaster	wandering third instar larva											/organisms/dmelanogaster/		/replicates/de8cf183-4eaf-4feb-9b43-12dd465a3609/,/replicates/0444aae1-d33b-4a99-96f0-f3ded9a81e2b/				
/experiments/ENCSR756AUU/	ENCSR756AUU	ChIP-seq	TF ChIP-seq	whole organisms	/targets/sage-dmelanogaster/	sage	sage	Drosophila melanogaster strain sage-GFP whole organism wandering third instar larva genetically modified (insertion) using site-specific recombination targeting D. melanogaster sage	whole organism	GEO:GSE258401,FactorBook:ENCSR756AUU	ChIP-seq on transgenic flies expressing sage-eGFP fusion proteins. The IP was performed using an anti-GFP antibody.	Kevin White, UChicago	modERN	released	/files/ENCFF630FGP/,/files/ENCFF568TRU/,/files/ENCFF294HZF/,/files/ENCFF782EDL/,/files/ENCFF998UYR/,/files/ENCFF934FRE/,/files/ENCFF485SJZ/,/files/ENCFF507KCC/,/files/ENCFF349QUK/,/files/ENCFF871NHM/,/files/ENCFF571PDK/,/files/ENCFF063EIH/,/files/ENCFF122KPM/,/files/ENCFF377FSK/,/files/ENCFF346BEY/,/files/ENCFF477ZQO/,/files/ENCFF670ZPQ/,/files/ENCFF792ZNZ/,/files/ENCFF189YFZ/,/files/ENCFF124KYT/,/files/ENCFF195VFB/,/files/ENCFF453RAJ/,/files/ENCFF889HGA/,/files/ENCFF734XSK/,/files/ENCFF548UFZ/,/files/ENCFF887YMD/,/files/ENCFF944PIQ/,/files/ENCFF808DPE/,/files/ENCFF909QKS/,/files/ENCFF938AJF/,/files/ENCFF127UED/,/files/ENCFF382HCY/,/files/ENCFF127BOL/,/files/ENCFF644VEO/,/files/ENCFF894XOC/,/files/ENCFF700KLJ/,/files/ENCFF691UZU/,/files/ENCFF601BWU/,/files/ENCFF786QBE/,/files/ENCFF386VVR/		ENCBS979NDB,ENCBS436IZC	3,4	1	ENCAB728YTO	Drosophila melanogaster	wandering third instar larva											/organisms/dmelanogaster/		/replicates/f65caeec-8ec2-469a-ab0f-81512846681a/,/replicates/74ed03b4-074e-4677-a3e2-ceb67347d6b6/				
/experiments/ENCSR790GFX/	ENCSR790GFX	ChIP-seq	TF ChIP-seq	whole organisms	/targets/dl-dmelanogaster/	dl	dl	Drosophila melanogaster strain dl-large-GFP whole organism wandering third instar larva genetically modified (insertion) using site-specific recombination targeting D. melanogaster dl	whole organism		ChIP-seq on transgenic flies expressing dl-eGFP fusion proteins. The IP was performed using an anti-GFP antibody.	Kevin White, UChicago	modERN	released	/files/ENCFF909FAM/,/files/ENCFF032DHH/,/files/ENCFF503DBA/,/files/ENCFF359EYN/,/files/ENCFF033WZZ/,/files/ENCFF628ORJ/,/files/ENCFF326BPT/,/files/ENCFF367AEM/,/files/ENCFF494CDP/,/files/ENCFF147SJT/,/files/ENCFF310GQA/,/files/ENCFF269TFS/,/files/ENCFF347RWM/,/files/ENCFF258PTM/,/files/ENCFF645FPN/,/files/ENCFF490EUY/,/files/ENCFF586QRT/,/files/ENCFF748RHW/,/files/ENCFF884EML/,/files/ENCFF137UXZ/,/files/ENCFF348AVX/,/files/ENCFF267GHX/,/files/ENCFF384SFH/,/files/ENCFF033RTU/,/files/ENCFF125VNX/,/files/ENCFF844NNY/,/files/ENCFF835GBM/,/files/ENCFF699RDG/,/files/ENCFF940YWB/,/files/ENCFF746FSF/,/files/ENCFF588QQP/,/files/ENCFF337DBL/,/files/ENCFF911KWZ/,/files/ENCFF940VAM/,/files/ENCFF862TOV/,/files/ENCFF349XWD/,/files/ENCFF189RUN/,/files/ENCFF090MRH/,/files/ENCFF702HFM/,/files/ENCFF545WTL/		ENCBS882HRJ,ENCBS857HEM	1,3	1	ENCAB426GGE	Drosophila melanogaster	wandering third instar larva											/organisms/dmelanogaster/		/replicates/5e5b03b2-46da-441a-a7f4-e0910eeac233/,/replicates/d0456f9b-3800-4784-9806-ecc35250ebe0/				
/experiments/ENCSR606GOU/	ENCSR606GOU	ChIP-seq	TF ChIP-seq	whole organisms	/targets/lola-dmelanogaster/	lola	lola	Drosophila melanogaster strain lola-RI-GFP whole organism wandering third instar larva stably expressing lola	whole organism	GEO:GSM1209181,GEO:GSM1209180,FactorBook:ENCSR606GOU	ChIP-seq against eGFP-lola in D. melanogaster whole organisms (wandering third instar larva)	Kevin White, UChicago	modENCODE	released	/files/ENCFF550HGG/,/files/ENCFF424UUW/,/files/ENCFF690APZ/,/files/ENCFF424CET/,/files/ENCFF145XCT/,/files/ENCFF190KPO/,/files/ENCFF306DOV/,/files/ENCFF094KXZ/,/files/ENCFF180HUY/,/files/ENCFF358QHT/,/files/ENCFF907BSC/,/files/ENCFF126ECJ/,/files/ENCFF723GBD/,/files/ENCFF896OBP/,/files/ENCFF410NUT/,/files/ENCFF263IBZ/,/files/ENCFF172YBM/,/files/ENCFF410HFZ/,/files/ENCFF441UED/,/files/ENCFF231SBM/,/files/ENCFF638RTI/,/files/ENCFF050HVZ/,/files/ENCFF698YTN/,/files/ENCFF132CBC/,/files/ENCFF035DGL/,/files/ENCFF249NZK/,/files/ENCFF270QZD/,/files/ENCFF861OYA/,/files/ENCFF773ADW/,/files/ENCFF462PKW/,/files/ENCFF600BSU/,/files/ENCFF073EWW/,/files/ENCFF891HWU/,/files/ENCFF407SLK/,/files/ENCFF153PUC/,/files/ENCFF231ILL/,/files/ENCFF647QJO/,/files/ENCFF803PFE/,/files/ENCFF650KTM/,/files/ENCFF048PDV/		ENCBS954WDL,ENCBS474WRR	1,2	1	ENCAB426GGE	Drosophila melanogaster	wandering third instar larva											/organisms/dmelanogaster/		/replicates/68e04cf0-cc2f-4f93-b22a-bfedcc155cd5/,/replicates/0223c35f-f3f4-4f01-91a3-7f174b18abf8/				
/experiments/ENCSR748WWE/	ENCSR748WWE	ChIP-seq	TF ChIP-seq	whole organisms	/targets/psq-dmelanogaster/	psq	psq	Drosophila melanogaster strain psq-GFP whole organism wandering third instar larva genetically modified (insertion) using site-specific recombination targeting D. melanogaster psq	whole organism	GEO:GSE258323	ChIP-seq on transgenic flies expressing psq-eGFP fusion proteins. The IP was performed using an anti-GFP antibody.	Kevin White, UChicago	modERN	released	/files/ENCFF968UJR/,/files/ENCFF596YDN/,/files/ENCFF918XIM/,/files/ENCFF506LRP/,/files/ENCFF645DEM/,/files/ENCFF665CGV/,/files/ENCFF364TJE/,/files/ENCFF223COF/,/files/ENCFF330FMQ/,/files/ENCFF155MHM/,/files/ENCFF137HCJ/,/files/ENCFF763XTS/,/files/ENCFF620VCC/,/files/ENCFF783XDK/,/files/ENCFF192AUA/,/files/ENCFF400YGN/,/files/ENCFF548TXO/,/files/ENCFF233BQQ/,/files/ENCFF382PMA/,/files/ENCFF580HOK/,/files/ENCFF399KBT/,/files/ENCFF561PRF/,/files/ENCFF314LTP/,/files/ENCFF582LGU/,/files/ENCFF325CLV/,/files/ENCFF422IIE/,/files/ENCFF546ZXK/,/files/ENCFF668WXR/,/files/ENCFF378LYU/,/files/ENCFF317XVG/,/files/ENCFF787OXZ/,/files/ENCFF771TSV/,/files/ENCFF775ZQS/,/files/ENCFF479VZD/,/files/ENCFF883TVW/,/files/ENCFF294AVE/,/files/ENCFF846UMT/,/files/ENCFF553CHS/,/files/ENCFF060NXX/,/files/ENCFF070MHB/,/files/ENCFF040YUO/,/files/ENCFF240IHN/,/files/ENCFF874MQI/,/files/ENCFF995VGP/,/files/ENCFF412IRE/,/files/ENCFF094TGW/,/files/ENCFF906HNB/,/files/ENCFF990ACL/,/files/ENCFF561XEL/,/files/ENCFF426VLH/,/files/ENCFF333PXS/,/files/ENCFF119RNW/,/files/ENCFF015ENX/		ENCBS373BQJ,ENCBS116FAX,ENCBS633YJG	3,2,1	1	ENCAB728YTO	Drosophila melanogaster	wandering third instar larva											/organisms/dmelanogaster/		/replicates/bd107dad-d9fb-45a5-9864-481dbedeb1b3/,/replicates/65769ab2-25b9-4ecb-b928-0b1c8669995e/,/replicates/98032ee1-b1f6-45a4-b406-a3f0da0848ef/				
/experiments/ENCSR191VCQ/	ENCSR191VCQ	ChIP-seq	TF ChIP-seq	whole organisms	/targets/Myc-dmelanogaster/	Myc	Myc	Drosophila melanogaster strain yellow cinnabar brown speck whole organism wandering third instar larva	whole organism	GEO:GSM1206872,GEO:GSM1206873,FactorBook:ENCSR191VCQ	ChIP-seq against Myc in D. melanogaster whole organisms (wandering third instar larva)	Kevin White, UChicago	modENCODE	released	/files/ENCFF896DWM/,/files/ENCFF792GXW/,/files/ENCFF487YTC/,/files/ENCFF704QML/,/files/ENCFF940EDK/,/files/ENCFF945MHQ/,/files/ENCFF247YOX/,/files/ENCFF411WOX/,/files/ENCFF364ZLR/,/files/ENCFF817TDT/,/files/ENCFF397FFY/,/files/ENCFF417NQU/,/files/ENCFF823OVC/,/files/ENCFF105HPD/,/files/ENCFF515AGW/,/files/ENCFF612THC/,/files/ENCFF335MUF/,/files/ENCFF420FUQ/,/files/ENCFF194NKJ/,/files/ENCFF282AKK/,/files/ENCFF783FSM/,/files/ENCFF192MUW/,/files/ENCFF928DHT/,/files/ENCFF546WFC/,/files/ENCFF865SCU/,/files/ENCFF732VZA/,/files/ENCFF285VAB/,/files/ENCFF432JXM/,/files/ENCFF778NPC/,/files/ENCFF358LUV/,/files/ENCFF113ESV/,/files/ENCFF694WXI/,/files/ENCFF654XXO/,/files/ENCFF412MGO/,/files/ENCFF276FSI/,/files/ENCFF296EHU/,/files/ENCFF451FAP/,/files/ENCFF910XQH/,/files/ENCFF996TEC/,/files/ENCFF341QUK/		ENCBS124CPD,ENCBS053ENZ	2,1	1	ENCAB294VIO	Drosophila melanogaster	wandering third instar larva													/replicates/7d7c39e2-267c-4fce-a0a8-b3b41029a98a/,/replicates/4a0b17c6-0060-48c8-b055-9f2e4c07bbea/				
/experiments/ENCSR636FRF/	ENCSR636FRF	ChIP-seq	TF ChIP-seq	whole organisms	/targets/pan-dmelanogaster/	pan	pan	Drosophila melanogaster strain yellow cinnabar brown speck whole organism wandering third instar larva	whole organism	GEO:GSM1206897,GEO:GSM1206895,GEO:GSM1206896,FactorBook:ENCSR636FRF	ChIP-seq against pan in D. melanogaster whole organisms (wandering third instar larva)	Kevin White, UChicago	modENCODE	released	/files/ENCFF509JTJ/,/files/ENCFF994OSM/,/files/ENCFF374HTX/,/files/ENCFF851VBI/,/files/ENCFF804BEY/,/files/ENCFF633DGZ/,/files/ENCFF551ITT/,/files/ENCFF760ODR/,/files/ENCFF181LVM/,/files/ENCFF885BTU/,/files/ENCFF274UYQ/,/files/ENCFF069LKQ/,/files/ENCFF528CIK/,/files/ENCFF100FME/,/files/ENCFF444ZDJ/,/files/ENCFF367XGT/,/files/ENCFF612OBL/,/files/ENCFF286RAX/,/files/ENCFF712VEM/,/files/ENCFF471ZPA/,/files/ENCFF723JPY/,/files/ENCFF230MYL/,/files/ENCFF643QOL/,/files/ENCFF108FCY/,/files/ENCFF760XZS/,/files/ENCFF466DZM/,/files/ENCFF102NWB/,/files/ENCFF458DPP/,/files/ENCFF486OER/,/files/ENCFF729UBD/,/files/ENCFF991ZBL/,/files/ENCFF864FJT/,/files/ENCFF023DJO/,/files/ENCFF859EUO/,/files/ENCFF514WUO/,/files/ENCFF399BCY/,/files/ENCFF206RXH/,/files/ENCFF312AAB/,/files/ENCFF567EJG/,/files/ENCFF858WSK/,/files/ENCFF040KHQ/,/files/ENCFF434HMD/,/files/ENCFF312YHZ/,/files/ENCFF594EHD/,/files/ENCFF505ASV/,/files/ENCFF358WOV/,/files/ENCFF338NBQ/,/files/ENCFF252CZO/,/files/ENCFF594VMN/,/files/ENCFF076DAV/,/files/ENCFF319BNC/,/files/ENCFF449WFM/,/files/ENCFF072DJD/		ENCBS871DVL,ENCBS351UZO,ENCBS206AAP	2,1,3	1	ENCAB853TLD	Drosophila melanogaster	wandering third instar larva													/replicates/6af11cb2-8199-4ff2-8a57-c48146aa2f2c/,/replicates/ae8e38c7-6052-4eef-bb8a-fb9b8f99d4a7/,/replicates/b518b1ad-1fe1-4cd9-a25b-81ef455e0bc1/				
/experiments/ENCSR107VQE/	ENCSR107VQE	ChIP-seq	TF ChIP-seq	whole organisms	/targets/Hr78-dmelanogaster/	Hr78	Hr78	Drosophila melanogaster strain Hr78-GFP whole organism wandering third instar larva stably expressing Hr78	whole organism	GEO:GSM1296162,GEO:GSM1296161,FactorBook:ENCSR107VQE	ChIP-seq against eGFP-Hr78 in D. melanogaster whole organisms (wandering third instar larva)	Kevin White, UChicago	modENCODE	released	/files/ENCFF038RQG/,/files/ENCFF221WVK/,/files/ENCFF379KJG/,/files/ENCFF036GOC/,/files/ENCFF632RFL/,/files/ENCFF816TMW/,/files/ENCFF173STT/,/files/ENCFF510DTS/,/files/ENCFF508OBW/,/files/ENCFF029RSD/,/files/ENCFF562FWQ/,/files/ENCFF363DTW/,/files/ENCFF881HVW/,/files/ENCFF617VFQ/,/files/ENCFF359CML/,/files/ENCFF240XFB/,/files/ENCFF136ZUZ/,/files/ENCFF463PBS/,/files/ENCFF197LEG/,/files/ENCFF007ZFB/,/files/ENCFF498IBD/,/files/ENCFF090EHY/,/files/ENCFF513YIO/,/files/ENCFF897DUZ/,/files/ENCFF208JED/,/files/ENCFF395KDY/,/files/ENCFF738TCT/,/files/ENCFF770DIJ/,/files/ENCFF577ONK/,/files/ENCFF566BEW/,/files/ENCFF281ADR/,/files/ENCFF678FIO/,/files/ENCFF031BUF/,/files/ENCFF100TDT/,/files/ENCFF586LWI/,/files/ENCFF954LYN/,/files/ENCFF137EMR/,/files/ENCFF903PWJ/,/files/ENCFF351IVD/,/files/ENCFF889JIG/		ENCBS998NEJ,ENCBS659SGG	1,2	1	ENCAB426GGE	Drosophila melanogaster	wandering third instar larva											/organisms/dmelanogaster/		/replicates/c4e2a649-fb85-4664-af4f-aa0c12a72805/,/replicates/66522506-6d91-4b5f-a612-cf55cfa95616/				
/experiments/ENCSR098NCP/	ENCSR098NCP	ChIP-seq	TF ChIP-seq	whole organisms	/targets/Dfd-dmelanogaster/	Dfd	Dfd	Drosophila melanogaster strain 10T-Dfd-GFP whole organism wandering third instar larva stably expressing Dfd	whole organism	GEO:GSM569795,FactorBook:ENCSR098NCP	ChIP-seq against eGFP-Dfd in D. melanogaster whole organisms (wandering third instar larva)	Kevin White, UChicago	modENCODE	released	/files/ENCFF413YNX/,/files/ENCFF710ZQG/,/files/ENCFF044SUQ/,/files/ENCFF491BVN/,/files/ENCFF195BBK/,/files/ENCFF422ZEB/,/files/ENCFF725RTS/,/files/ENCFF811TOE/,/files/ENCFF735PSX/,/files/ENCFF902PVX/,/files/ENCFF432HMH/,/files/ENCFF019CVN/,/files/ENCFF234DQP/,/files/ENCFF426DLO/,/files/ENCFF195CUD/,/files/ENCFF300EVV/,/files/ENCFF812CYO/,/files/ENCFF496QJS/,/files/ENCFF849KUY/,/files/ENCFF986PIA/,/files/ENCFF928ZKD/,/files/ENCFF238UEF/,/files/ENCFF757HLU/,/files/ENCFF371PKV/,/files/ENCFF578VPT/,/files/ENCFF798YDY/,/files/ENCFF972QWR/,/files/ENCFF188OAF/,/files/ENCFF402QJS/,/files/ENCFF555PXB/,/files/ENCFF118HNT/,/files/ENCFF251HNA/,/files/ENCFF100NVZ/,/files/ENCFF494BCB/,/files/ENCFF893CIS/,/files/ENCFF854LYB/,/files/ENCFF318IJE/,/files/ENCFF178HBO/,/files/ENCFF211OAR/,/files/ENCFF551MKY/		ENCBS130COG,ENCBS082QUJ	1,2	1	ENCAB626MWP	Drosophila melanogaster	wandering third instar larva											/organisms/dmelanogaster/		/replicates/d7676043-b43c-445b-95c8-355d03430458/,/replicates/33cd4dce-5c2a-4c85-8c19-d09022759308/				
/experiments/ENCSR603LBA/	ENCSR603LBA	ChIP-seq	TF ChIP-seq	whole organisms	/targets/Sp1-dmelanogaster/	Sp1	Sp1	Drosophila melanogaster strain Sp1-GFP whole organism wandering third instar larva genetically modified (insertion) using site-specific recombination targeting D. melanogaster Sp1	whole organism	GEO:GSE258100,FactorBook:ENCSR603LBA	ChIP-seq on transgenic flies expressing -eGFP fusion proteins. The IP was performed using an anti-GFP antibody.	Kevin White, UChicago	modERN	released	/files/ENCFF173GBZ/,/files/ENCFF460GDR/,/files/ENCFF340GCS/,/files/ENCFF111EWK/,/files/ENCFF429CKV/,/files/ENCFF632SQM/,/files/ENCFF415KWZ/,/files/ENCFF378JNB/,/files/ENCFF387GGZ/,/files/ENCFF373VOE/,/files/ENCFF915PWW/,/files/ENCFF748QNM/,/files/ENCFF705TPT/,/files/ENCFF375SCN/,/files/ENCFF142GGR/,/files/ENCFF615UWX/,/files/ENCFF489HMX/,/files/ENCFF795LKK/,/files/ENCFF663PGK/,/files/ENCFF910TTJ/,/files/ENCFF672GBY/,/files/ENCFF621ZGP/,/files/ENCFF648MOV/,/files/ENCFF521LMI/,/files/ENCFF418QIB/,/files/ENCFF346ISN/,/files/ENCFF267MOT/,/files/ENCFF896RTZ/		ENCBS027NWS,ENCBS002MHH,ENCBS290RSJ	3,1,2	1	ENCAB728YTO	Drosophila melanogaster	wandering third instar larva											/organisms/dmelanogaster/		/replicates/a44b3ec4-e541-4e3c-92e9-8ea058c13c46/,/replicates/a882974b-4565-4a37-a40e-43c40a146b04/,/replicates/f17627ba-9df7-47b8-b942-17980f624ca3/				
/experiments/ENCSR829ZIC/	ENCSR829ZIC	ChIP-seq	TF ChIP-seq	whole organisms	/targets/N-dmelanogaster/	N	N	Drosophila melanogaster strain Notch-GFP whole organism wandering third instar larva stably expressing N	whole organism	GEO:GSM1217696,FactorBook:ENCSR829ZIC,GEO:GSM1217695	ChIP-seq against eGFP-N in D. melanogaster whole organisms (wandering third instar larva)	Kevin White, UChicago	modENCODE	released	/files/ENCFF755XXR/,/files/ENCFF795RLZ/,/files/ENCFF988ORH/,/files/ENCFF598PCG/,/files/ENCFF436CWG/,/files/ENCFF327WOF/,/files/ENCFF367KMH/,/files/ENCFF922NLE/,/files/ENCFF169JPB/,/files/ENCFF433GXZ/,/files/ENCFF800YZG/,/files/ENCFF012ODL/,/files/ENCFF483MCR/,/files/ENCFF517MGT/,/files/ENCFF228PIR/,/files/ENCFF254FML/,/files/ENCFF232MPG/,/files/ENCFF818BNS/,/files/ENCFF207ESD/,/files/ENCFF497NIZ/,/files/ENCFF468BSE/,/files/ENCFF590YEY/,/files/ENCFF259CZE/,/files/ENCFF557SFO/,/files/ENCFF813IAR/,/files/ENCFF577PBK/,/files/ENCFF925FBA/,/files/ENCFF604COI/,/files/ENCFF974FDL/,/files/ENCFF512UZF/,/files/ENCFF595JQW/,/files/ENCFF701QAP/,/files/ENCFF318DUV/,/files/ENCFF566GZL/,/files/ENCFF076NRF/,/files/ENCFF502OLA/,/files/ENCFF558YCZ/,/files/ENCFF239XVM/,/files/ENCFF680VQR/,/files/ENCFF700NXM/		ENCBS958ZVP,ENCBS570HIY	1,2	1	ENCAB426GGE	Drosophila melanogaster	wandering third instar larva											/organisms/dmelanogaster/		/replicates/47b559da-7d69-4512-8943-b0b7e6856225/,/replicates/4dd78848-b9bc-42b2-a739-4296d344be84/				
/experiments/ENCSR692UBK/	ENCSR692UBK	ChIP-seq	TF ChIP-seq	whole organisms	/targets/Abd-B-dmelanogaster/	Abd-B	Abd-B	Drosophila melanogaster strain Abd-B-GFP whole organism wandering third instar larva genetically modified (insertion) using site-specific recombination targeting D. melanogaster Abd-B	whole organism	GEO:GSM1217653,GEO:GSM1209201,GEO:GSM1209202,GEO:GSM1217654,FactorBook:ENCSR692UBK	ChIP-seq against eGFP-Abd-B in D. melanogaster whole organisms (wandering third instar larva)	Kevin White, UChicago	modENCODE	released	/files/ENCFF252IVG/,/files/ENCFF820QJV/,/files/ENCFF594KZZ/,/files/ENCFF278UDW/,/files/ENCFF902BJQ/,/files/ENCFF187JSE/,/files/ENCFF640MCL/,/files/ENCFF507QVG/,/files/ENCFF145WYX/,/files/ENCFF117EXN/,/files/ENCFF538FMU/,/files/ENCFF529VFF/,/files/ENCFF176OYM/,/files/ENCFF687VVK/,/files/ENCFF461HLL/,/files/ENCFF823TIZ/,/files/ENCFF703CVE/,/files/ENCFF957UVH/,/files/ENCFF658HFX/,/files/ENCFF620ZYF/,/files/ENCFF122VXH/,/files/ENCFF712SCW/,/files/ENCFF149RQR/,/files/ENCFF020QOH/,/files/ENCFF057EUU/,/files/ENCFF737QBX/,/files/ENCFF533YJW/,/files/ENCFF138UCU/,/files/ENCFF525QZM/,/files/ENCFF156DFR/,/files/ENCFF602BVS/,/files/ENCFF697XXP/,/files/ENCFF189YTH/,/files/ENCFF608HRB/,/files/ENCFF107RZU/,/files/ENCFF488FWS/,/files/ENCFF617GQD/,/files/ENCFF170JSU/,/files/ENCFF893ENJ/,/files/ENCFF321OSN/		ENCBS582EHB,ENCBS541AVH	1,2	1	ENCAB426GGE	Drosophila melanogaster	wandering third instar larva											/organisms/dmelanogaster/		/replicates/13ce6a2c-8225-4aa2-851b-248bdf3d2281/,/replicates/e900b781-e9ec-4719-b498-751fd656baf3/				
/experiments/ENCSR138MDE/	ENCSR138MDE	ChIP-seq	TF ChIP-seq	whole organisms	/targets/Rel-dmelanogaster/	Rel	Rel	Drosophila melanogaster strain Rel whole organism wandering third instar larva genetically modified (insertion) using site-specific recombination targeting D. melanogaster Rel	whole organism	GEO:GSE256892,FactorBook:ENCSR138MDE	ChIP-seq on transgenic flies expressing Rel-eGFP fusion proteins. The IP was performed using an anti-GFP antibody.	Kevin White, UChicago	modERN	released	/files/ENCFF284MBV/,/files/ENCFF500TIH/,/files/ENCFF557JBM/,/files/ENCFF940HHB/,/files/ENCFF156DHE/,/files/ENCFF146JSY/,/files/ENCFF892BNH/,/files/ENCFF851GKW/,/files/ENCFF328FPA/,/files/ENCFF115CTQ/,/files/ENCFF355CYK/,/files/ENCFF060AGY/,/files/ENCFF099MUT/,/files/ENCFF809BMV/,/files/ENCFF806IYZ/,/files/ENCFF921HZG/,/files/ENCFF318TXI/,/files/ENCFF774BBO/,/files/ENCFF601OGS/,/files/ENCFF130FLY/,/files/ENCFF512SBV/,/files/ENCFF835ROU/,/files/ENCFF110VNI/,/files/ENCFF696AZU/,/files/ENCFF590MOM/,/files/ENCFF625OCF/,/files/ENCFF287XAB/,/files/ENCFF357FPP/		ENCBS027ICA,ENCBS785YCE,ENCBS475XIC	1,3,2	1	ENCAB728YTO	Drosophila melanogaster	wandering third instar larva											/organisms/dmelanogaster/		/replicates/ca161bd0-7edb-445e-99b2-fc293c15ae49/,/replicates/c5cfbd11-374e-4c9c-8d43-9e95833551e0/,/replicates/e48df914-4c17-4c97-9866-ee829614f803/				
/experiments/ENCSR998ZQZ/	ENCSR998ZQZ	ChIP-seq	TF ChIP-seq	whole organisms	/targets/usp-dmelanogaster/	usp	usp	Drosophila melanogaster strain usp-GFP whole organism wandering third instar larva stably expressing usp	whole organism	GEO:GSM853484,FactorBook:ENCSR998ZQZ	ChIP-seq against usp in Drosophila whole organisms (wandering third instar larva)	Kevin White, UChicago	modENCODE	released	/files/ENCFF008EGS/,/files/ENCFF357EAH/,/files/ENCFF680EAU/,/files/ENCFF071BRZ/,/files/ENCFF237SUV/,/files/ENCFF765GGY/,/files/ENCFF087CRB/,/files/ENCFF028JAC/,/files/ENCFF278FRW/,/files/ENCFF378NGJ/,/files/ENCFF053YQE/,/files/ENCFF511STU/,/files/ENCFF159WPT/,/files/ENCFF648TLN/,/files/ENCFF157APV/,/files/ENCFF533AOH/,/files/ENCFF261NZX/,/files/ENCFF723XSV/,/files/ENCFF947KCC/,/files/ENCFF350QJX/,/files/ENCFF269XEL/,/files/ENCFF807SHQ/,/files/ENCFF842HRW/,/files/ENCFF912ULO/,/files/ENCFF957FCE/,/files/ENCFF049OAG/,/files/ENCFF339PPY/,/files/ENCFF050CYE/,/files/ENCFF108SUN/,/files/ENCFF467BBP/,/files/ENCFF619GPO/,/files/ENCFF637QLV/,/files/ENCFF132CLK/,/files/ENCFF611GCG/,/files/ENCFF658CAJ/,/files/ENCFF580SYD/,/files/ENCFF320CML/,/files/ENCFF618BGI/,/files/ENCFF102VYM/,/files/ENCFF296COE/		ENCBS001POZ,ENCBS380PDP	2,1	1	ENCAB728YTO	Drosophila melanogaster	wandering third instar larva											/organisms/dmelanogaster/		/replicates/0a1cc439-3789-4293-8a91-5e8113c08676/,/replicates/15216ff2-e1bc-48c6-a53a-56c5100d54d7/				
/experiments/ENCSR951FDL/	ENCSR951FDL	ChIP-seq	TF ChIP-seq	whole organisms	/targets/rgr-dmelanogaster/	rgr	rgr	Drosophila melanogaster strain rgr-GFP whole organism wandering third instar larva genetically modified (insertion) using site-specific recombination targeting D. melanogaster rgr	whole organism	FactorBook:ENCSR951FDL,GEO:GSE258600	ChIP-seq on transgenic flies expressing rgr-eGFP fusion proteins. The IP was performed using an anti-GFP antibody.	Kevin White, UChicago	modERN	released	/files/ENCFF640KBX/,/files/ENCFF491QKT/,/files/ENCFF616IYP/,/files/ENCFF249TPG/,/files/ENCFF227VLV/,/files/ENCFF794DCW/,/files/ENCFF705DUU/,/files/ENCFF422BFF/,/files/ENCFF805FEJ/,/files/ENCFF989PEN/,/files/ENCFF331DLZ/,/files/ENCFF368OLF/,/files/ENCFF181ZUB/,/files/ENCFF287IDK/,/files/ENCFF922FKX/,/files/ENCFF488ZAU/,/files/ENCFF836LEH/,/files/ENCFF228NTY/,/files/ENCFF070ZZJ/,/files/ENCFF291TUB/,/files/ENCFF899ZHZ/,/files/ENCFF535JML/,/files/ENCFF804JHQ/,/files/ENCFF408ZQG/,/files/ENCFF380FIG/,/files/ENCFF664LZO/,/files/ENCFF217JGQ/,/files/ENCFF521HLD/,/files/ENCFF802JDB/,/files/ENCFF020WVL/,/files/ENCFF184JKR/,/files/ENCFF478YLV/,/files/ENCFF212ZWE/,/files/ENCFF860RRQ/,/files/ENCFF749CKQ/,/files/ENCFF589WUV/,/files/ENCFF545TTB/,/files/ENCFF397YZC/,/files/ENCFF523YVM/,/files/ENCFF566JUX/,/files/ENCFF961SOP/,/files/ENCFF773IPQ/,/files/ENCFF994NBK/,/files/ENCFF910ZAF/,/files/ENCFF204TUT/,/files/ENCFF018LXH/,/files/ENCFF098BAN/,/files/ENCFF797RQL/,/files/ENCFF751WAJ/,/files/ENCFF578CYC/,/files/ENCFF309BGK/,/files/ENCFF790YYY/,/files/ENCFF639EBZ/		ENCBS803NXL,ENCBS893ZAL,ENCBS838NMP	1,3,2	1	ENCAB728YTO	Drosophila melanogaster	wandering third instar larva											/organisms/dmelanogaster/		/replicates/44ac3e19-0990-4dc3-98ec-a721a2d26866/,/replicates/6b09d003-66ce-4fdf-aefd-fe9189d14e37/,/replicates/ca075e64-166d-4e3f-b94f-52ed428d96f2/				
/experiments/ENCSR985TNB/	ENCSR985TNB	ChIP-seq	TF ChIP-seq	whole organisms	/targets/foxo-dmelanogaster/	foxo	foxo	Drosophila melanogaster strain foxo-MiMIC-GFP whole organism wandering third instar larva genetically modified (insertion) using site-specific recombination targeting D. melanogaster foxo	whole organism	FactorBook:ENCSR985TNB,GEO:GSE258971	ChIP-seq on transgenic flies expressing foxo-eGFP fusion proteins. The IP was performed using an anti-GFP antibody.	Kevin White, UChicago	modERN	released	/files/ENCFF496AUM/,/files/ENCFF502PWQ/,/files/ENCFF966TFE/,/files/ENCFF886DCI/,/files/ENCFF638SZR/,/files/ENCFF487SJE/,/files/ENCFF222JRC/,/files/ENCFF602SPB/,/files/ENCFF749JPD/,/files/ENCFF903FYN/,/files/ENCFF527YUI/,/files/ENCFF855ZVV/,/files/ENCFF844VAY/,/files/ENCFF803AJQ/,/files/ENCFF540AQN/,/files/ENCFF270DUN/,/files/ENCFF140AMN/,/files/ENCFF608NJS/,/files/ENCFF767WDV/,/files/ENCFF507RZV/,/files/ENCFF226JKG/,/files/ENCFF385SCH/,/files/ENCFF213OIV/,/files/ENCFF020TVZ/,/files/ENCFF352IXF/,/files/ENCFF278DUW/,/files/ENCFF503JUH/,/files/ENCFF892AIY/,/files/ENCFF276DNC/,/files/ENCFF386LWO/,/files/ENCFF858UTI/,/files/ENCFF728IAY/,/files/ENCFF613QAQ/,/files/ENCFF684PVB/,/files/ENCFF542DTQ/,/files/ENCFF858HYB/,/files/ENCFF255EFB/,/files/ENCFF147UQM/,/files/ENCFF261KQS/,/files/ENCFF798CCC/,/files/ENCFF401JTZ/,/files/ENCFF215GNT/,/files/ENCFF796LQZ/,/files/ENCFF006UQV/,/files/ENCFF186HNC/,/files/ENCFF944XCX/,/files/ENCFF458RFN/,/files/ENCFF443BTE/,/files/ENCFF117CFH/,/files/ENCFF765QPY/,/files/ENCFF650OLQ/,/files/ENCFF684TAB/,/files/ENCFF079ULZ/,/files/ENCFF243GAO/,/files/ENCFF939PJL/,/files/ENCFF503FPQ/		ENCBS750VJX,ENCBS585WXE,ENCBS997LAM	2,1,3	1	ENCAB728YTO	Drosophila melanogaster	wandering third instar larva											/organisms/dmelanogaster/		/replicates/010a6512-74a0-4c27-b70d-0b9b7e3ca458/,/replicates/da49b0fd-238a-4129-917f-47958f19d3f2/,/replicates/86b4924e-fb26-4113-a3ae-fd0d815aae25/				
/experiments/ENCSR288BZG/	ENCSR288BZG	ChIP-seq	TF ChIP-seq	whole organisms	/targets/HLH106-dmelanogaster/	HLH106	SREBP	Drosophila melanogaster strain SREBP whole organism wandering third instar larva genetically modified (insertion) using site-specific recombination targeting D. melanogaster SREBP	whole organism	FactorBook:ENCSR288BZG,GEO:GSE256679	ChIP-seq on transgenic flies expressing SREBP-eGFP fusion proteins. The IP was performed using an anti-GFP antibody.	Kevin White, UChicago	modERN	released	/files/ENCFF409DJS/,/files/ENCFF925COL/,/files/ENCFF382RBO/,/files/ENCFF612MEL/,/files/ENCFF326BMV/,/files/ENCFF894EPO/,/files/ENCFF548RXC/,/files/ENCFF158FJC/,/files/ENCFF972BOQ/,/files/ENCFF464WOJ/,/files/ENCFF280WGA/,/files/ENCFF293GJV/,/files/ENCFF956ZVX/,/files/ENCFF632NOL/,/files/ENCFF552OXR/,/files/ENCFF558OUY/,/files/ENCFF293DOR/,/files/ENCFF950MQJ/,/files/ENCFF099JSW/,/files/ENCFF662DIX/,/files/ENCFF888KQO/,/files/ENCFF139YER/,/files/ENCFF428MGH/,/files/ENCFF111EER/,/files/ENCFF874TQA/,/files/ENCFF791NME/,/files/ENCFF077VMF/,/files/ENCFF274ZTV/		ENCBS050YZO,ENCBS062EDO,ENCBS539OMD	1,2,3	1	ENCAB728YTO	Drosophila melanogaster	wandering third instar larva											/organisms/dmelanogaster/		/replicates/c243cd17-afa4-4f4c-aed9-f124c17ac0bf/,/replicates/4819ab98-bb69-4869-aadc-e3fc75d891be/,/replicates/bf3f0fa5-7281-4be2-8a50-f3776ab19aa3/				
/experiments/ENCSR014ETB/	ENCSR014ETB	ChIP-seq	TF ChIP-seq	whole organisms	/targets/lola-dmelanogaster/	lola	lola	Drosophila melanogaster strain lola-RI-GFP whole organism wandering third instar larva stably expressing lola	whole organism	FactorBook:ENCSR014ETB,GEO:GSE256693	ChIP-seq on transgenic flies expressing -eGFP fusion proteins. The IP was performed using an anti-GFP antibody.	Kevin White, UChicago	modERN	released	/files/ENCFF417PPL/,/files/ENCFF947DEU/,/files/ENCFF769CCQ/,/files/ENCFF778WNB/,/files/ENCFF793LFQ/,/files/ENCFF439BIH/,/files/ENCFF629EYX/,/files/ENCFF365GPU/,/files/ENCFF575BRY/,/files/ENCFF363WCT/,/files/ENCFF017TZJ/,/files/ENCFF177UOF/,/files/ENCFF213PQH/,/files/ENCFF044LNN/,/files/ENCFF695QPI/,/files/ENCFF007BUW/,/files/ENCFF154KBP/,/files/ENCFF656CGV/,/files/ENCFF265TMP/,/files/ENCFF002QEE/,/files/ENCFF209DSJ/,/files/ENCFF558TGI/,/files/ENCFF763JRO/,/files/ENCFF537CKE/,/files/ENCFF219FYR/,/files/ENCFF233LHC/,/files/ENCFF742LVH/,/files/ENCFF365CVN/		ENCBS018EHZ,ENCBS439IJN,ENCBS571NMZ	1,2,3	1	ENCAB728YTO	Drosophila melanogaster	wandering third instar larva											/organisms/dmelanogaster/		/replicates/b2d7b482-8104-47ed-9128-8e8ff389f4c3/,/replicates/5c59f1bc-fe02-40d0-aed1-657307c3eeba/,/replicates/7fa525c2-cd8a-4cfc-92aa-bd80ab3650fa/				
/experiments/ENCSR836VAV/	ENCSR836VAV	ChIP-seq	TF ChIP-seq	whole organisms	/targets/usp-dmelanogaster/	usp	usp	Drosophila melanogaster strain usp-GFP whole organism wandering third instar larva stably expressing usp	whole organism	FactorBook:ENCSR836VAV,GEO:GSE259143	ChIP-seq on transgenic flies expressing -eGFP fusion proteins. The IP was performed using an anti-GFP antibody.	Kevin White, UChicago	modERN	released	/files/ENCFF062CCL/,/files/ENCFF393BQV/,/files/ENCFF352CUZ/,/files/ENCFF400YHS/,/files/ENCFF388FCC/,/files/ENCFF485TRE/,/files/ENCFF436XRO/,/files/ENCFF787ZJD/,/files/ENCFF807YEJ/,/files/ENCFF295PEY/,/files/ENCFF186YEN/,/files/ENCFF693VVX/,/files/ENCFF418OZM/,/files/ENCFF537PAE/,/files/ENCFF190PAP/,/files/ENCFF518QLD/,/files/ENCFF566UOK/,/files/ENCFF405CCE/,/files/ENCFF793NCQ/,/files/ENCFF370KSG/,/files/ENCFF228RDM/,/files/ENCFF078CKY/,/files/ENCFF019ILD/,/files/ENCFF473JDK/,/files/ENCFF949QAM/,/files/ENCFF645FIU/,/files/ENCFF710JCQ/,/files/ENCFF922NXU/		ENCBS638FBK,ENCBS242PIP,ENCBS783OTY	2,3,1	1	ENCAB728YTO	Drosophila melanogaster	wandering third instar larva											/organisms/dmelanogaster/		/replicates/9cd907c5-1e78-40e0-b0f4-b739ce3df0f1/,/replicates/539ba4e3-d38c-4a3a-8952-e0db4052169a/,/replicates/db54f277-056e-4354-bdb3-78de520dd35e/				
/experiments/ENCSR909HKS/	ENCSR909HKS	ChIP-seq	TF ChIP-seq	whole organisms	/targets/noc-dmelanogaster/	noc	noc	Drosophila melanogaster strain noc whole organism larva (48 days) genetically modified (insertion) using site-specific recombination targeting D. melanogaster noc	whole organism	GEO:GSE258080	ChIP-seq on transgenic flies expressing -eGFP fusion proteins. The IP was performed using an anti-GFP antibody.	Kevin White, UChicago	modERN	released	/files/ENCFF712FKU/,/files/ENCFF837VJI/,/files/ENCFF181XOC/,/files/ENCFF060QBB/,/files/ENCFF865QOE/,/files/ENCFF418UDF/,/files/ENCFF949CCZ/,/files/ENCFF455QHM/,/files/ENCFF463AFC/,/files/ENCFF856VVK/,/files/ENCFF443RVY/,/files/ENCFF113KWE/,/files/ENCFF865OUC/,/files/ENCFF027FED/,/files/ENCFF639FEP/,/files/ENCFF754ICG/,/files/ENCFF256MIN/,/files/ENCFF743EJN/,/files/ENCFF268RAU/,/files/ENCFF573UTC/,/files/ENCFF379LSJ/,/files/ENCFF023RHK/,/files/ENCFF285XTO/,/files/ENCFF482OIW/,/files/ENCFF664APQ/,/files/ENCFF054RVR/,/files/ENCFF115KVP/,/files/ENCFF064LCL/		ENCBS350FWM,ENCBS558IBR,ENCBS418HSO	2,3,1	1	ENCAB728YTO	Drosophila melanogaster	larva	48 days										/organisms/dmelanogaster/		/replicates/5bcba4c8-6426-4c17-8c05-7626d8af7b25/,/replicates/1a262151-3807-428c-817c-2c55d634c713/,/replicates/90bbe7ca-c94e-4970-9b11-eab359b05d57/				
